# Blender 5.0.0
# www.blender.org
o Sphere
v 0.000000 0.997577 0.000000
v 0.000000 0.826144 -0.548476
v 0.000000 0.552012 -0.820853
v 0.000000 0.193841 -0.968262
v 0.000000 -0.000000 -0.987231
v 0.000000 -0.193841 -0.968262
v 0.000000 -0.552012 -0.820853
v 0.000000 -0.997577 0.000000
v 0.038970 0.973792 -0.195917
v 0.073705 0.917962 -0.370538
v 0.107002 0.826144 -0.537937
v 0.136188 0.702578 -0.684665
v 0.160140 0.552012 -0.805080
v 0.177939 0.380232 -0.894557
v 0.188899 0.193841 -0.949657
v 0.192599 -0.000000 -0.968262
v 0.188899 -0.193841 -0.949657
v 0.177939 -0.380232 -0.894557
v 0.160140 -0.552012 -0.805080
v 0.136188 -0.702578 -0.684664
v 0.107002 -0.826144 -0.537937
v 0.073705 -0.917962 -0.370538
v 0.038970 -0.973792 -0.195917
v 0.076443 0.973792 -0.184550
v 0.144577 0.917962 -0.349039
v 0.209893 0.826144 -0.506726
v 0.267143 0.702578 -0.644940
v 0.314127 0.552012 -0.758369
v 0.349039 0.380232 -0.842655
v 0.370538 0.193841 -0.894557
v 0.377797 -0.000000 -0.912083
v 0.370538 -0.193841 -0.894557
v 0.349039 -0.380232 -0.842655
v 0.314127 -0.552012 -0.758369
v 0.267143 -0.702578 -0.644940
v 0.209893 -0.826144 -0.506726
v 0.144577 -0.917962 -0.349039
v 0.076443 -0.973792 -0.184550
v 0.110978 0.973792 -0.166091
v 0.209893 0.917962 -0.314127
v 0.304717 0.826144 -0.456041
v 0.387831 0.702578 -0.580431
v 0.456041 0.552012 -0.682514
v 0.506726 0.380232 -0.758369
v 0.537937 0.193841 -0.805080
v 0.548476 -0.000000 -0.820853
v 0.537937 -0.193841 -0.805080
v 0.506726 -0.380232 -0.758369
v 0.456041 -0.552012 -0.682514
v 0.387831 -0.702578 -0.580431
v 0.304717 -0.826144 -0.456041
v 0.209893 -0.917962 -0.314127
v 0.110978 -0.973792 -0.166091
v 0.141248 0.973792 -0.141248
v 0.267143 0.917962 -0.267143
v 0.387831 0.826144 -0.387831
v 0.493616 0.702578 -0.493616
v 0.580431 0.552012 -0.580431
v 0.644940 0.380232 -0.644940
v 0.684664 0.193841 -0.684664
v 0.698078 -0.000000 -0.698078
v 0.684664 -0.193841 -0.684664
v 0.644940 -0.380232 -0.644940
v 0.580431 -0.552012 -0.580430
v 0.493616 -0.702578 -0.493616
v 0.387831 -0.826144 -0.387831
v 0.267143 -0.917962 -0.267143
v 0.141248 -0.973792 -0.141248
v 0.166091 0.973792 -0.110978
v 0.314127 0.917962 -0.209893
v 0.456041 0.826144 -0.304717
v 0.580431 0.702578 -0.387831
v 0.682514 0.552012 -0.456041
v 0.758369 0.380232 -0.506726
v 0.805080 0.193841 -0.537937
v 0.820853 -0.000000 -0.548476
v 0.805080 -0.193841 -0.537937
v 0.758369 -0.380232 -0.506726
v 0.682514 -0.552012 -0.456041
v 0.580431 -0.702578 -0.387831
v 0.456041 -0.826144 -0.304717
v 0.314127 -0.917962 -0.209893
v 0.166091 -0.973792 -0.110978
v 0.184550 0.973792 -0.076443
v 0.349039 0.917962 -0.144577
v 0.506726 0.826144 -0.209893
v 0.644940 0.702578 -0.267143
v 0.758369 0.552012 -0.314127
v 0.842654 0.380232 -0.349039
v 0.894557 0.193841 -0.370538
v 0.912083 -0.000000 -0.377797
v 0.894557 -0.193841 -0.370538
v 0.842654 -0.380232 -0.349039
v 0.758369 -0.552012 -0.314127
v 0.644940 -0.702578 -0.267143
v 0.506726 -0.826144 -0.209893
v 0.349039 -0.917962 -0.144577
v 0.184550 -0.973792 -0.076443
v 0.195917 0.973792 -0.038970
v 0.370538 0.917962 -0.073705
v 0.537937 0.826144 -0.107002
v 0.684664 0.702578 -0.136188
v 0.805080 0.552012 -0.160140
v 0.894557 0.380232 -0.177939
v 0.949657 0.193841 -0.188898
v 0.968262 -0.000000 -0.192599
v 0.949657 -0.193841 -0.188898
v 0.894557 -0.380232 -0.177939
v 0.805080 -0.552012 -0.160140
v 0.684664 -0.702578 -0.136188
v 0.537937 -0.826144 -0.107002
v 0.370538 -0.917962 -0.073705
v 0.195917 -0.973792 -0.038970
v 0.199755 0.973792 0.000000
v 0.377797 0.917962 0.000000
v 0.548476 0.826144 0.000000
v 0.698078 0.702578 0.000000
v 0.820853 0.552012 0.000000
v 0.912083 0.380232 -0.000000
v 0.968262 0.193841 0.000000
v 0.987231 -0.000000 0.000000
v 0.968262 -0.193841 0.000000
v 0.912083 -0.380232 -0.000000
v 0.820853 -0.552012 0.000000
v 0.698078 -0.702578 0.000000
v 0.548476 -0.826144 0.000000
v 0.377797 -0.917962 0.000000
v 0.199755 -0.973792 0.000000
v 0.195917 0.973792 0.038970
v 0.370538 0.917962 0.073705
v 0.537937 0.826144 0.107002
v 0.684664 0.702578 0.136188
v 0.805080 0.552012 0.160140
v 0.894557 0.380232 0.177939
v 0.949657 0.193841 0.188899
v 0.968262 -0.000000 0.192599
v 0.949657 -0.193841 0.188899
v 0.894557 -0.380232 0.177939
v 0.805080 -0.552012 0.160140
v 0.684664 -0.702578 0.136188
v 0.537937 -0.826144 0.107002
v 0.370538 -0.917962 0.073705
v 0.195917 -0.973792 0.038970
v 0.184550 0.973792 0.076443
v 0.349039 0.917962 0.144577
v 0.506726 0.826144 0.209893
v 0.644940 0.702578 0.267143
v 0.758369 0.552012 0.314127
v 0.842654 0.380232 0.349039
v 0.894557 0.193841 0.370538
v 0.912082 -0.000000 0.377797
v 0.894557 -0.193841 0.370538
v 0.842654 -0.380232 0.349039
v 0.758369 -0.552012 0.314127
v 0.644940 -0.702578 0.267143
v 0.506726 -0.826144 0.209893
v 0.349039 -0.917962 0.144577
v 0.184550 -0.973792 0.076443
v 0.166091 0.973792 0.110978
v 0.314127 0.917962 0.209893
v 0.456041 0.826144 0.304717
v 0.580431 0.702578 0.387831
v 0.682514 0.552012 0.456041
v 0.758369 0.380232 0.506726
v 0.805080 0.193841 0.537937
v 0.820852 -0.000000 0.548476
v 0.805080 -0.193841 0.537937
v 0.758369 -0.380232 0.506726
v 0.682514 -0.552012 0.456041
v 0.580431 -0.702578 0.387831
v 0.456041 -0.826144 0.304717
v 0.314127 -0.917962 0.209893
v 0.166091 -0.973792 0.110978
v 0.141248 0.973792 0.141248
v 0.267143 0.917962 0.267143
v 0.387831 0.826144 0.387831
v 0.493616 0.702578 0.493616
v 0.580430 0.552012 0.580430
v 0.644940 0.380232 0.644940
v 0.684664 0.193841 0.684664
v 0.698077 -0.000000 0.698078
v 0.684664 -0.193841 0.684664
v 0.644940 -0.380232 0.644940
v 0.580430 -0.552012 0.580431
v 0.493616 -0.702578 0.493616
v 0.387831 -0.826144 0.387831
v 0.267143 -0.917962 0.267143
v 0.141248 -0.973792 0.141248
v 0.110978 0.973792 0.166091
v 0.209893 0.917962 0.314127
v 0.304717 0.826144 0.456041
v 0.387831 0.702578 0.580430
v 0.456041 0.552012 0.682514
v 0.506726 0.380232 0.758369
v 0.537937 0.193841 0.805080
v 0.548476 -0.000000 0.820853
v 0.537937 -0.193841 0.805080
v 0.506726 -0.380232 0.758369
v 0.456041 -0.552012 0.682514
v 0.387831 -0.702578 0.580431
v 0.304717 -0.826144 0.456041
v 0.209893 -0.917962 0.314127
v 0.110978 -0.973792 0.166091
v 0.076443 0.973792 0.184550
v 0.144577 0.917962 0.349039
v 0.209893 0.826144 0.506726
v 0.267143 0.702578 0.644940
v 0.314127 0.552012 0.758369
v 0.349039 0.380232 0.842654
v 0.370538 0.193841 0.894557
v 0.377797 -0.000000 0.912082
v 0.370538 -0.193841 0.894557
v 0.349039 -0.380232 0.842654
v 0.314127 -0.552012 0.758369
v 0.267143 -0.702578 0.644940
v 0.209893 -0.826144 0.506726
v 0.144577 -0.917962 0.349039
v 0.076443 -0.973792 0.184550
v 0.038970 0.973792 0.195917
v 0.073704 0.917962 0.370538
v 0.107002 0.826144 0.537937
v 0.136188 0.702578 0.684664
v 0.160140 0.552012 0.805080
v 0.177938 0.380232 0.894557
v 0.188898 0.193841 0.949657
v 0.192599 -0.000000 0.968261
v 0.188898 -0.193841 0.949657
v 0.177938 -0.380232 0.894557
v 0.160140 -0.552012 0.805080
v 0.136188 -0.702578 0.684664
v 0.107002 -0.826144 0.537937
v 0.073704 -0.917962 0.370538
v 0.038970 -0.973792 0.195917
v -0.000000 0.973792 0.199755
v -0.000000 0.917962 0.377797
v -0.000000 0.826144 0.548476
v -0.000000 0.702578 0.698078
v -0.000000 0.552012 0.820853
v -0.000000 0.380232 0.912082
v -0.000000 0.193841 0.968262
v -0.000000 -0.000000 0.987231
v -0.000000 -0.193841 0.968262
v -0.000000 -0.380232 0.912082
v -0.000000 -0.552012 0.820853
v -0.000000 -0.702578 0.698078
v -0.000000 -0.826144 0.548476
v -0.000000 -0.917962 0.377797
v -0.000000 -0.973792 0.199755
v -0.038970 0.973792 0.195917
v -0.073705 0.917962 0.370538
v -0.107002 0.826144 0.537937
v -0.136188 0.702578 0.684664
v -0.160140 0.552012 0.805080
v -0.177938 0.380232 0.894557
v -0.188899 0.193841 0.949657
v -0.192599 -0.000000 0.968261
v -0.188899 -0.193841 0.949657
v -0.177938 -0.380232 0.894557
v -0.160140 -0.552012 0.805080
v -0.136188 -0.702578 0.684664
v -0.107002 -0.826144 0.537937
v -0.073705 -0.917962 0.370538
v -0.038970 -0.973792 0.195917
v -0.076443 0.973792 0.184550
v -0.144577 0.917962 0.349039
v -0.209893 0.826144 0.506726
v -0.267143 0.702578 0.644940
v -0.314127 0.552012 0.758369
v -0.349039 0.380232 0.842654
v -0.370538 0.193841 0.894557
v -0.377797 -0.000000 0.912082
v -0.370538 -0.193841 0.894557
v -0.349039 -0.380232 0.842654
v -0.314127 -0.552012 0.758369
v -0.267143 -0.702578 0.644940
v -0.209893 -0.826144 0.506726
v -0.144577 -0.917962 0.349039
v -0.076443 -0.973792 0.184550
v -0.110978 0.973792 0.166090
v -0.209893 0.917962 0.314127
v -0.304717 0.826144 0.456041
v -0.387831 0.702578 0.580430
v -0.456041 0.552012 0.682514
v -0.506726 0.380232 0.758369
v -0.537937 0.193841 0.805080
v -0.548476 -0.000000 0.820852
v -0.537937 -0.193841 0.805080
v -0.506726 -0.380232 0.758369
v -0.456041 -0.552012 0.682514
v -0.387831 -0.702578 0.580430
v -0.304717 -0.826144 0.456041
v -0.209893 -0.917962 0.314127
v -0.110978 -0.973792 0.166090
v -0.141248 0.973792 0.141248
v -0.267143 0.917962 0.267143
v -0.387831 0.826144 0.387831
v -0.493616 0.702578 0.493615
v -0.580430 0.552012 0.580430
v -0.644940 0.380232 0.644940
v -0.684664 0.193841 0.684664
v -0.698078 -0.000000 0.698077
v -0.684664 -0.193841 0.684664
v -0.644940 -0.380232 0.644940
v -0.580430 -0.552012 0.580430
v -0.493616 -0.702578 0.493615
v -0.387831 -0.826144 0.387831
v -0.267143 -0.917962 0.267143
v -0.141248 -0.973792 0.141248
v -0.166090 0.973792 0.110978
v -0.314127 0.917962 0.209893
v -0.456041 0.826144 0.304717
v -0.580430 0.702578 0.387831
v -0.682514 0.552012 0.456041
v -0.758369 0.380232 0.506726
v -0.805080 0.193841 0.537937
v -0.820852 -0.000000 0.548476
v -0.805080 -0.193841 0.537937
v -0.758369 -0.380232 0.506726
v -0.682514 -0.552012 0.456041
v -0.580430 -0.702578 0.387831
v -0.456041 -0.826144 0.304717
v -0.314127 -0.917962 0.209893
v -0.166090 -0.973792 0.110978
v -0.184550 0.973792 0.076443
v -0.349039 0.917962 0.144577
v -0.506726 0.826144 0.209893
v -0.644940 0.702578 0.267143
v -0.758369 0.552012 0.314126
v -0.842654 0.380232 0.349039
v -0.894557 0.193841 0.370537
v -0.912082 -0.000000 0.377796
v -0.894557 -0.193841 0.370537
v -0.842654 -0.380232 0.349039
v -0.758369 -0.552012 0.314127
v -0.644940 -0.702578 0.267143
v -0.506726 -0.826144 0.209893
v -0.349039 -0.917962 0.144577
v -0.184550 -0.973792 0.076443
v -0.195917 0.973792 0.038970
v -0.370538 0.917962 0.073704
v -0.537937 0.826144 0.107002
v -0.684664 0.702578 0.136188
v -0.805080 0.552012 0.160140
v -0.894557 0.380232 0.177938
v -0.949657 0.193841 0.188898
v -0.968261 -0.000000 0.192599
v -0.949657 -0.193841 0.188898
v -0.894557 -0.380232 0.177938
v -0.805080 -0.552012 0.160140
v -0.684664 -0.702578 0.136188
v -0.537937 -0.826144 0.107002
v -0.370538 -0.917962 0.073704
v -0.195917 -0.973792 0.038970
v -0.199755 0.973792 -0.000000
v -0.377797 0.917962 -0.000000
v -0.548476 0.826144 -0.000000
v -0.698078 0.702578 -0.000000
v -0.820852 0.552012 -0.000000
v -0.912082 0.380232 -0.000000
v -0.968261 0.193841 -0.000000
v -0.987230 0.000000 -0.000000
v -0.968261 -0.193841 -0.000000
v -0.912082 -0.380232 -0.000000
v -0.820852 -0.552012 -0.000000
v -0.698078 -0.702578 -0.000000
v -0.548476 -0.826144 -0.000000
v -0.377797 -0.917962 -0.000000
v -0.199755 -0.973792 -0.000000
v -0.195917 0.973792 -0.038970
v -0.370538 0.917962 -0.073705
v -0.537937 0.826144 -0.107002
v -0.684664 0.702578 -0.136188
v -0.805080 0.552012 -0.160140
v -0.894557 0.380232 -0.177939
v -0.949656 0.193841 -0.188899
v -0.968261 -0.000000 -0.192599
v -0.949656 -0.193841 -0.188899
v -0.894557 -0.380232 -0.177939
v -0.805080 -0.552012 -0.160140
v -0.684664 -0.702578 -0.136188
v -0.537937 -0.826144 -0.107002
v -0.370538 -0.917962 -0.073705
v -0.195917 -0.973792 -0.038970
v -0.184550 0.973792 -0.076443
v -0.349039 0.917962 -0.144577
v -0.506726 0.826144 -0.209893
v -0.644940 0.702578 -0.267143
v -0.758369 0.552012 -0.314127
v -0.842654 0.380232 -0.349039
v -0.894557 0.193841 -0.370538
v -0.912082 -0.000000 -0.377797
v -0.894557 -0.193841 -0.370538
v -0.842654 -0.380232 -0.349039
v -0.758369 -0.552012 -0.314127
v -0.644940 -0.702578 -0.267143
v -0.506726 -0.826144 -0.209893
v -0.349039 -0.917962 -0.144577
v -0.184550 -0.973792 -0.076443
v -0.166090 0.973792 -0.110978
v -0.314127 0.917962 -0.209893
v -0.456041 0.826144 -0.304717
v -0.580430 0.702578 -0.387831
v -0.682514 0.552012 -0.456041
v -0.758369 0.380232 -0.506726
v -0.805080 0.193841 -0.537937
v -0.820852 -0.000000 -0.548476
v -0.805080 -0.193841 -0.537937
v -0.758369 -0.380232 -0.506726
v -0.682514 -0.552012 -0.456041
v -0.580430 -0.702578 -0.387831
v -0.456041 -0.826144 -0.304717
v -0.314127 -0.917962 -0.209893
v -0.166090 -0.973792 -0.110978
v -0.141248 0.973792 -0.141248
v -0.267143 0.917962 -0.267143
v -0.387831 0.826144 -0.387831
v -0.493615 0.702578 -0.493616
v -0.580430 0.552012 -0.580430
v -0.644939 0.380232 -0.644940
v -0.684664 0.193841 -0.684664
v -0.698077 -0.000000 -0.698078
v -0.684664 -0.193841 -0.684664
v -0.644939 -0.380232 -0.644940
v -0.580430 -0.552012 -0.580430
v -0.493615 -0.702578 -0.493615
v -0.387831 -0.826144 -0.387831
v -0.267143 -0.917962 -0.267143
v -0.141248 -0.973792 -0.141248
v -0.110978 0.973792 -0.166090
v -0.209893 0.917962 -0.314127
v -0.304717 0.826144 -0.456041
v -0.387831 0.702578 -0.580430
v -0.456041 0.552012 -0.682514
v -0.506726 0.380232 -0.758369
v -0.537937 0.193841 -0.805080
v -0.548475 -0.000000 -0.820852
v -0.537937 -0.193841 -0.805080
v -0.506726 -0.380232 -0.758369
v -0.456041 -0.552012 -0.682514
v -0.387831 -0.702578 -0.580430
v -0.304717 -0.826144 -0.456041
v -0.209893 -0.917962 -0.314127
v -0.110978 -0.973792 -0.166090
v -0.076443 0.973792 -0.184550
v -0.144577 0.917962 -0.349039
v -0.209892 0.826144 -0.506726
v -0.267143 0.702578 -0.644940
v -0.314126 0.552012 -0.758369
v -0.349039 0.380232 -0.842654
v -0.370537 0.193841 -0.894557
v -0.377796 -0.000000 -0.912082
v -0.370537 -0.193841 -0.894557
v -0.349039 -0.380232 -0.842654
v -0.314126 -0.552012 -0.758369
v -0.267143 -0.702578 -0.644940
v -0.209892 -0.826144 -0.506726
v -0.144576 -0.917962 -0.349039
v -0.076443 -0.973792 -0.184550
v -0.038970 0.973792 -0.195917
v -0.073704 0.917962 -0.370538
v -0.107002 0.826144 -0.537937
v -0.136188 0.702578 -0.684664
v -0.160140 0.552012 -0.805080
v -0.177938 0.380232 -0.894557
v -0.188898 0.193841 -0.949656
v -0.192599 -0.000000 -0.968261
v -0.188898 -0.193841 -0.949656
v -0.177938 -0.380232 -0.894557
v -0.160140 -0.552012 -0.805080
v -0.136188 -0.702578 -0.684664
v -0.107002 -0.826144 -0.537937
v -0.073704 -0.917962 -0.370538
v -0.038970 -0.973792 -0.195917
v 0.000000 0.973792 -0.199755
v 0.000000 0.917962 -0.377797
v 0.000000 0.702578 -0.698078
v 0.000000 0.380232 -0.912082
v 0.000000 -0.380232 -0.912082
v 0.000000 -0.702578 -0.698078
v 0.000000 -0.826144 -0.548476
v 0.000000 -0.917962 -0.377797
v 0.000000 -0.973792 -0.199755
v 0.000000 0.097389 -0.982473
v 0.000000 -0.097389 -0.982474
v 0.056083 0.950719 -0.281948
v 0.090790 0.876269 -0.456434
v 0.122183 0.768056 -0.614256
v 0.148881 0.630328 -0.748474
v 0.169857 0.468376 -0.853927
v 0.184305 0.288424 -0.926565
v 0.191671 0.097389 -0.963596
v 0.191671 -0.097389 -0.963596
v 0.184305 -0.288424 -0.926565
v 0.169857 -0.468376 -0.853927
v 0.148881 -0.630328 -0.748474
v 0.122183 -0.768056 -0.614256
v 0.090790 -0.876269 -0.456434
v 0.056083 -0.950719 -0.281948
v 0.080457 0.552012 -0.816897
v 0.094906 0.193841 -0.963596
v 0.096765 -0.000000 -0.982474
v 0.094906 -0.193841 -0.963596
v 0.053760 0.826144 -0.545833
v 0.080457 -0.552012 -0.816897
v 0.110011 0.950719 -0.265589
v 0.178092 0.876269 -0.429951
v 0.239671 0.768056 -0.578617
v 0.292040 0.630328 -0.705047
v 0.333186 0.468376 -0.804382
v 0.361528 0.288424 -0.872805
v 0.375976 0.097389 -0.907687
v 0.375976 -0.097389 -0.907687
v 0.361528 -0.288424 -0.872805
v 0.333186 -0.468376 -0.804382
v 0.292040 -0.630328 -0.705047
v 0.239671 -0.768056 -0.578617
v 0.178092 -0.876269 -0.429951
v 0.110011 -0.950719 -0.265589
v 0.202641 0.702578 -0.668016
v 0.159214 0.826144 -0.524857
v 0.202641 -0.702578 -0.668016
v 0.238280 -0.552012 -0.785504
v 0.238280 0.552012 -0.785504
v 0.159214 -0.826144 -0.524857
v 0.264763 0.380232 -0.872805
v 0.109668 -0.917962 -0.361528
v 0.281071 0.193841 -0.926565
v 0.058513 -0.973614 -0.192890
v 0.286577 -0.000000 -0.944718
v 0.058513 0.973614 -0.192890
v 0.281071 -0.193841 -0.926565
v 0.109668 0.917962 -0.361528
v 0.264763 -0.380232 -0.872805
v 0.159711 0.950719 -0.239024
v 0.258549 0.876269 -0.386946
v 0.347948 0.768056 -0.520741
v 0.423976 0.630328 -0.634525
v 0.483711 0.468376 -0.723925
v 0.524857 0.288424 -0.785504
v 0.545833 0.097389 -0.816897
v 0.545833 -0.097389 -0.816897
v 0.524857 -0.288424 -0.785504
v 0.483711 -0.468376 -0.723925
v 0.423976 -0.630328 -0.634525
v 0.347948 -0.768056 -0.520741
v 0.258549 -0.876269 -0.386946
v 0.159711 -0.950719 -0.239024
v 0.465376 -0.000000 -0.870657
v 0.456434 0.193841 -0.853927
v 0.095019 0.973614 -0.177769
v 0.095019 -0.973614 -0.177769
v 0.456434 -0.193841 -0.853927
v 0.178092 0.917962 -0.333186
v 0.429951 -0.380232 -0.804382
v 0.258549 0.826144 -0.483711
v 0.386946 -0.552012 -0.723925
v 0.329070 0.702578 -0.615647
v 0.329070 -0.702578 -0.615647
v 0.386946 0.552012 -0.723925
v 0.258549 -0.826144 -0.483711
v 0.429951 0.380232 -0.804382
v 0.178092 -0.917962 -0.333186
v 0.203273 0.950719 -0.203273
v 0.329070 0.876269 -0.329070
v 0.442854 0.768056 -0.442854
v 0.539619 0.630328 -0.539619
v 0.615647 0.468376 -0.615647
v 0.668016 0.288424 -0.668016
v 0.694714 0.097389 -0.694714
v 0.694714 -0.097389 -0.694714
v 0.668016 -0.288424 -0.668016
v 0.615647 -0.468376 -0.615647
v 0.539619 -0.630328 -0.539619
v 0.442854 -0.768056 -0.442854
v 0.329070 -0.876269 -0.329070
v 0.203273 -0.950719 -0.203273
v 0.442854 -0.702578 -0.539619
v 0.520741 -0.552012 -0.634525
v 0.520741 0.552012 -0.634525
v 0.442854 0.702578 -0.539619
v 0.347948 -0.826144 -0.423976
v 0.578617 0.380232 -0.705047
v 0.239671 -0.917962 -0.292040
v 0.614257 0.193841 -0.748474
v 0.127874 -0.973614 -0.155815
v 0.626290 -0.000000 -0.763137
v 0.127874 0.973614 -0.155815
v 0.614257 -0.193841 -0.748474
v 0.239671 0.917962 -0.292040
v 0.578617 -0.380232 -0.705047
v 0.347948 0.826144 -0.423976
v 0.239024 0.950719 -0.159711
v 0.386946 0.876269 -0.258549
v 0.520741 0.768056 -0.347948
v 0.634525 0.630328 -0.423976
v 0.723925 0.468376 -0.483711
v 0.785504 0.288424 -0.524857
v 0.816897 0.097389 -0.545833
v 0.816897 -0.097389 -0.545833
v 0.785504 -0.288424 -0.524857
v 0.723925 -0.468376 -0.483711
v 0.634525 -0.630328 -0.423976
v 0.520741 -0.768056 -0.347948
v 0.386946 -0.876269 -0.258549
v 0.239024 -0.950719 -0.159711
v 0.155815 -0.973614 -0.127874
v 0.748474 -0.193841 -0.614256
v 0.763137 -0.000000 -0.626290
v 0.292040 0.917962 -0.239671
v 0.155815 0.973614 -0.127874
v 0.705047 -0.380232 -0.578617
v 0.423976 0.826144 -0.347948
v 0.634525 -0.552012 -0.520741
v 0.539619 0.702578 -0.442854
v 0.539619 -0.702578 -0.442854
v 0.634525 0.552012 -0.520741
v 0.423976 -0.826144 -0.347948
v 0.705047 0.380232 -0.578617
v 0.292040 -0.917962 -0.239671
v 0.748474 0.193841 -0.614256
v 0.265589 0.950719 -0.110011
v 0.429951 0.876269 -0.178092
v 0.578617 0.768056 -0.239671
v 0.705047 0.630328 -0.292040
v 0.804382 0.468376 -0.333186
v 0.872805 0.288424 -0.361528
v 0.907687 0.097389 -0.375976
v 0.907687 -0.097389 -0.375976
v 0.872805 -0.288424 -0.361528
v 0.804382 -0.468376 -0.333186
v 0.705047 -0.630328 -0.292040
v 0.578617 -0.768056 -0.239671
v 0.429951 -0.876269 -0.178092
v 0.265589 -0.950719 -0.110011
v 0.483711 -0.826144 -0.258549
v 0.615647 -0.702578 -0.329070
v 0.804382 0.380232 -0.429951
v 0.723925 0.552012 -0.386946
v 0.333186 -0.917962 -0.178092
v 0.853927 0.193841 -0.456434
v 0.177769 -0.973614 -0.095019
v 0.870657 -0.000000 -0.465376
v 0.177769 0.973614 -0.095019
v 0.853927 -0.193841 -0.456434
v 0.333186 0.917962 -0.178092
v 0.804382 -0.380232 -0.429951
v 0.483711 0.826144 -0.258549
v 0.723925 -0.552012 -0.386946
v 0.615647 0.702578 -0.329070
v 0.281948 0.950719 -0.056083
v 0.456434 0.876269 -0.090790
v 0.614256 0.768056 -0.122183
v 0.748474 0.630328 -0.148881
v 0.853927 0.468376 -0.169857
v 0.926565 0.288424 -0.184305
v 0.963596 0.097389 -0.191671
v 0.963596 -0.097389 -0.191671
v 0.926565 -0.288424 -0.184305
v 0.853927 -0.468376 -0.169857
v 0.748474 -0.630328 -0.148881
v 0.614256 -0.768056 -0.122183
v 0.456434 -0.876269 -0.090790
v 0.281948 -0.950719 -0.056083
v 0.361528 0.917962 -0.109668
v 0.192890 0.973614 -0.058513
v 0.872805 -0.380232 -0.264763
v 0.926565 -0.193841 -0.281070
v 0.524857 0.826144 -0.159214
v 0.785504 -0.552012 -0.238280
v 0.668016 0.702578 -0.202641
v 0.668016 -0.702578 -0.202641
v 0.785504 0.552012 -0.238280
v 0.524857 -0.826144 -0.159214
v 0.872805 0.380232 -0.264763
v 0.361528 -0.917962 -0.109668
v 0.926565 0.193841 -0.281070
v 0.192890 -0.973614 -0.058513
v 0.944718 -0.000000 -0.286577
v 0.287471 0.950719 0.000000
v 0.465376 0.876269 0.000000
v 0.626290 0.768056 0.000000
v 0.763137 0.630328 0.000000
v 0.870657 0.468376 0.000000
v 0.944718 0.288424 0.000000
v 0.982473 0.097389 0.000000
v 0.982473 -0.097389 0.000000
v 0.944718 -0.288424 0.000000
v 0.870657 -0.468376 0.000000
v 0.763137 -0.630328 0.000000
v 0.626290 -0.768056 0.000000
v 0.465376 -0.876269 0.000000
v 0.287471 -0.950719 0.000000
v 0.907687 0.380232 -0.089399
v 0.816897 0.552012 -0.080457
v 0.375976 -0.917962 -0.037030
v 0.545833 -0.826144 -0.053760
v 0.963596 0.193841 -0.094906
v 0.200599 -0.973614 -0.019757
v 0.982473 -0.000000 -0.096765
v 0.200599 0.973614 -0.019757
v 0.963596 -0.193841 -0.094906
v 0.375976 0.917962 -0.037030
v 0.907687 -0.380232 -0.089399
v 0.545833 0.826144 -0.053760
v 0.816897 -0.552012 -0.080457
v 0.694714 0.702578 -0.068423
v 0.694714 -0.702578 -0.068423
v 0.281948 0.950719 0.056083
v 0.456434 0.876269 0.090790
v 0.614256 0.768056 0.122183
v 0.748474 0.630328 0.148881
v 0.853927 0.468376 0.169857
v 0.926565 0.288424 0.184305
v 0.963595 0.097389 0.191671
v 0.963595 -0.097389 0.191671
v 0.926565 -0.288424 0.184305
v 0.853927 -0.468376 0.169857
v 0.748474 -0.630328 0.148881
v 0.614256 -0.768056 0.122183
v 0.456434 -0.876269 0.090790
v 0.281948 -0.950719 0.056083
v 0.907687 -0.380232 0.089399
v 0.963596 -0.193841 0.094906
v 0.545833 0.826144 0.053760
v 0.375976 0.917962 0.037030
v 0.816897 -0.552012 0.080457
v 0.694714 0.702578 0.068423
v 0.694714 -0.702578 0.068423
v 0.816897 0.552012 0.080457
v 0.545833 -0.826144 0.053760
v 0.907687 0.380232 0.089399
v 0.375976 -0.917962 0.037030
v 0.963596 0.193841 0.094906
v 0.200599 -0.973614 0.019757
v 0.982473 -0.000000 0.096765
v 0.200599 0.973614 0.019757
v 0.265589 0.950719 0.110011
v 0.429951 0.876269 0.178092
v 0.578617 0.768056 0.239671
v 0.705047 0.630328 0.292040
v 0.804382 0.468376 0.333186
v 0.872805 0.288424 0.361528
v 0.907687 0.097389 0.375976
v 0.907687 -0.097389 0.375976
v 0.872805 -0.288424 0.361528
v 0.804382 -0.468376 0.333186
v 0.705047 -0.630328 0.292040
v 0.578617 -0.768056 0.239671
v 0.429951 -0.876269 0.178092
v 0.265589 -0.950719 0.110011
v 0.361528 -0.917962 0.109668
v 0.524857 -0.826144 0.159214
v 0.926565 0.193841 0.281071
v 0.872805 0.380232 0.264763
v 0.192890 -0.973614 0.058513
v 0.944717 -0.000000 0.286577
v 0.192890 0.973614 0.058513
v 0.926565 -0.193841 0.281071
v 0.361528 0.917962 0.109668
v 0.872805 -0.380232 0.264763
v 0.524857 0.826144 0.159214
v 0.785504 -0.552012 0.238280
v 0.668016 0.702578 0.202641
v 0.668016 -0.702578 0.202641
v 0.785504 0.552012 0.238280
v 0.239024 0.950719 0.159711
v 0.386946 0.876269 0.258549
v 0.520741 0.768056 0.347948
v 0.634525 0.630328 0.423976
v 0.723924 0.468376 0.483711
v 0.785504 0.288424 0.524857
v 0.816897 0.097389 0.545833
v 0.816897 -0.097389 0.545833
v 0.785504 -0.288424 0.524857
v 0.723925 -0.468376 0.483711
v 0.634525 -0.630328 0.423976
v 0.520741 -0.768056 0.347948
v 0.386946 -0.876269 0.258549
v 0.239024 -0.950719 0.159711
v 0.483711 0.826144 0.258549
v 0.333186 0.917962 0.178092
v 0.723924 -0.552012 0.386946
v 0.804382 -0.380232 0.429951
v 0.615647 0.702578 0.329070
v 0.615647 -0.702578 0.329070
v 0.723925 0.552012 0.386946
v 0.483711 -0.826144 0.258549
v 0.804382 0.380232 0.429951
v 0.333186 -0.917962 0.178092
v 0.853927 0.193841 0.456434
v 0.177769 -0.973614 0.095019
v 0.870656 -0.000000 0.465376
v 0.177769 0.973614 0.095019
v 0.853927 -0.193841 0.456434
v 0.203273 0.950719 0.203273
v 0.329070 0.876269 0.329070
v 0.442854 0.768056 0.442854
v 0.539619 0.630328 0.539619
v 0.615647 0.468376 0.615647
v 0.668016 0.288424 0.668016
v 0.694713 0.097389 0.694714
v 0.694713 -0.097389 0.694714
v 0.668016 -0.288424 0.668016
v 0.615647 -0.468376 0.615647
v 0.539619 -0.630328 0.539619
v 0.442854 -0.768056 0.442854
v 0.329070 -0.876269 0.329070
v 0.203273 -0.950719 0.203273
v 0.748473 0.193841 0.614256
v 0.705047 0.380232 0.578617
v 0.155815 -0.973614 0.127874
v 0.292040 -0.917962 0.239671
v 0.763137 -0.000000 0.626290
v 0.155815 0.973614 0.127874
v 0.748473 -0.193841 0.614256
v 0.292040 0.917962 0.239671
v 0.705047 -0.380232 0.578617
v 0.423976 0.826144 0.347948
v 0.634525 -0.552012 0.520741
v 0.539619 0.702578 0.442854
v 0.539619 -0.702578 0.442854
v 0.634525 0.552012 0.520741
v 0.423976 -0.826144 0.347948
v 0.159711 0.950719 0.239024
v 0.258549 0.876269 0.386946
v 0.347948 0.768056 0.520741
v 0.423976 0.630328 0.634525
v 0.483711 0.468376 0.723925
v 0.524857 0.288424 0.785504
v 0.545833 0.097389 0.816897
v 0.545833 -0.097389 0.816897
v 0.524857 -0.288424 0.785504
v 0.483711 -0.468376 0.723925
v 0.423976 -0.630328 0.634525
v 0.347948 -0.768056 0.520741
v 0.258549 -0.876269 0.386946
v 0.159711 -0.950719 0.239024
v 0.520741 -0.552012 0.634525
v 0.578617 -0.380232 0.705047
v 0.442854 0.702578 0.539619
v 0.347948 0.826144 0.423976
v 0.442854 -0.702578 0.539619
v 0.520741 0.552012 0.634525
v 0.347948 -0.826144 0.423976
v 0.578617 0.380232 0.705047
v 0.239671 -0.917962 0.292040
v 0.614256 0.193841 0.748474
v 0.127874 -0.973614 0.155815
v 0.626290 -0.000000 0.763137
v 0.127874 0.973614 0.155815
v 0.614256 -0.193841 0.748474
v 0.239671 0.917962 0.292040
v 0.110011 0.950719 0.265589
v 0.178091 0.876269 0.429951
v 0.239671 0.768056 0.578617
v 0.292040 0.630328 0.705047
v 0.333186 0.468376 0.804382
v 0.361528 0.288424 0.872805
v 0.375976 0.097389 0.907687
v 0.375976 -0.097389 0.907687
v 0.361528 -0.288424 0.872805
v 0.333186 -0.468376 0.804382
v 0.292040 -0.630328 0.705047
v 0.239671 -0.768056 0.578617
v 0.178092 -0.876269 0.429951
v 0.110011 -0.950719 0.265589
v 0.095019 -0.973614 0.177769
v 0.178091 -0.917962 0.333186
v 0.465375 -0.000000 0.870657
v 0.456433 0.193841 0.853927
v 0.095019 0.973614 0.177769
v 0.456433 -0.193841 0.853927
v 0.178092 0.917962 0.333186
v 0.429951 -0.380232 0.804382
v 0.258549 0.826144 0.483711
v 0.386946 -0.552012 0.723925
v 0.329070 0.702578 0.615647
v 0.329070 -0.702578 0.615647
v 0.386946 0.552012 0.723925
v 0.258549 -0.826144 0.483711
v 0.429951 0.380232 0.804382
v 0.056083 0.950719 0.281948
v 0.090790 0.876269 0.456434
v 0.122183 0.768056 0.614256
v 0.148881 0.630328 0.748474
v 0.169857 0.468376 0.853927
v 0.184305 0.288424 0.926565
v 0.191671 0.097389 0.963595
v 0.191671 -0.097389 0.963595
v 0.184305 -0.288424 0.926565
v 0.169857 -0.468376 0.853927
v 0.148881 -0.630328 0.748474
v 0.122183 -0.768056 0.614256
v 0.090790 -0.876269 0.456434
v 0.056083 -0.950719 0.281948
v 0.202640 -0.702578 0.668016
v 0.238280 -0.552012 0.785504
v 0.238280 0.552012 0.785504
v 0.202640 0.702578 0.668016
v 0.159214 -0.826144 0.524857
v 0.264763 0.380232 0.872805
v 0.109668 -0.917962 0.361528
v 0.281070 0.193841 0.926565
v 0.058513 -0.973614 0.192890
v 0.286577 -0.000000 0.944717
v 0.058513 0.973614 0.192890
v 0.281070 -0.193841 0.926565
v 0.109668 0.917962 0.361528
v 0.264763 -0.380232 0.872805
v 0.159214 0.826144 0.524857
v -0.000000 0.950719 0.287471
v -0.000000 0.876269 0.465376
v -0.000000 0.768056 0.626290
v -0.000000 0.630328 0.763137
v -0.000000 0.468376 0.870657
v -0.000000 0.288424 0.944717
v -0.000000 0.097389 0.982473
v -0.000000 -0.097389 0.982473
v -0.000000 -0.288424 0.944718
v -0.000000 -0.468376 0.870657
v -0.000000 -0.630328 0.763137
v -0.000000 -0.768056 0.626290
v -0.000000 -0.876269 0.465376
v -0.000000 -0.950719 0.287471
v 0.019757 0.973614 0.200599
v 0.019757 -0.973614 0.200599
v 0.094906 -0.193841 0.963595
v 0.096765 -0.000000 0.982473
v 0.037030 0.917962 0.375976
v 0.089399 -0.380232 0.907687
v 0.053760 0.826144 0.545833
v 0.080457 -0.552012 0.816897
v 0.068423 0.702578 0.694714
v 0.068423 -0.702578 0.694714
v 0.080457 0.552012 0.816897
v 0.053760 -0.826144 0.545833
v 0.089399 0.380232 0.907687
v 0.037030 -0.917962 0.375976
v 0.094906 0.193841 0.963595
v -0.056083 0.950719 0.281948
v -0.090790 0.876269 0.456434
v -0.122183 0.768056 0.614256
v -0.148881 0.630328 0.748473
v -0.169857 0.468376 0.853927
v -0.184305 0.288424 0.926565
v -0.191671 0.097389 0.963595
v -0.191671 -0.097389 0.963595
v -0.184305 -0.288424 0.926565
v -0.169857 -0.468376 0.853927
v -0.148881 -0.630328 0.748473
v -0.122183 -0.768056 0.614256
v -0.090790 -0.876269 0.456434
v -0.056083 -0.950719 0.281948
v -0.080457 0.552012 0.816897
v -0.068423 0.702578 0.694714
v -0.053760 -0.826144 0.545833
v -0.068423 -0.702578 0.694714
v -0.089399 0.380232 0.907687
v -0.037030 -0.917962 0.375976
v -0.094906 0.193841 0.963595
v -0.019757 -0.973614 0.200599
v -0.096765 -0.000000 0.982473
v -0.019757 0.973614 0.200599
v -0.094906 -0.193841 0.963595
v -0.037030 0.917962 0.375976
v -0.089399 -0.380232 0.907687
v -0.053760 0.826144 0.545833
v -0.080457 -0.552012 0.816897
v -0.110011 0.950719 0.265589
v -0.178092 0.876269 0.429951
v -0.239671 0.768056 0.578617
v -0.292040 0.630328 0.705047
v -0.333186 0.468376 0.804382
v -0.361528 0.288424 0.872805
v -0.375976 0.097389 0.907687
v -0.375976 -0.097389 0.907687
v -0.361528 -0.288424 0.872805
v -0.333186 -0.468376 0.804382
v -0.292040 -0.630328 0.705047
v -0.239671 -0.768056 0.578617
v -0.178092 -0.876269 0.429951
v -0.110011 -0.950719 0.265589
v -0.281071 -0.193841 0.926565
v -0.286577 -0.000000 0.944717
v -0.109668 0.917962 0.361528
v -0.058513 0.973614 0.192890
v -0.264763 -0.380232 0.872805
v -0.159214 0.826144 0.524857
v -0.238280 -0.552012 0.785504
v -0.202641 0.702578 0.668016
v -0.202641 -0.702578 0.668016
v -0.238280 0.552012 0.785504
v -0.159214 -0.826144 0.524857
v -0.264763 0.380232 0.872805
v -0.109668 -0.917962 0.361528
v -0.281071 0.193841 0.926565
v -0.058513 -0.973614 0.192890
v -0.159711 0.950719 0.239024
v -0.258549 0.876269 0.386946
v -0.347948 0.768056 0.520741
v -0.423976 0.630328 0.634525
v -0.483711 0.468376 0.723924
v -0.524857 0.288424 0.785504
v -0.545833 0.097389 0.816896
v -0.545833 -0.097389 0.816896
v -0.524857 -0.288424 0.785504
v -0.483711 -0.468376 0.723924
v -0.423976 -0.630328 0.634525
v -0.347948 -0.768056 0.520741
v -0.258549 -0.876269 0.386946
v -0.159711 -0.950719 0.239024
v -0.258549 -0.826144 0.483711
v -0.329070 -0.702578 0.615647
v -0.429951 0.380232 0.804382
v -0.386946 0.552012 0.723924
v -0.178092 -0.917962 0.333186
v -0.456434 0.193841 0.853927
v -0.095019 -0.973614 0.177769
v -0.465376 -0.000000 0.870656
v -0.095019 0.973614 0.177769
v -0.456434 -0.193841 0.853927
v -0.178092 0.917962 0.333186
v -0.429951 -0.380232 0.804382
v -0.258549 0.826144 0.483711
v -0.386946 -0.552012 0.723924
v -0.329070 0.702578 0.615647
v -0.203273 0.950719 0.203273
v -0.329070 0.876269 0.329070
v -0.442854 0.768056 0.442854
v -0.539619 0.630328 0.539619
v -0.615647 0.468376 0.615647
v -0.668016 0.288424 0.668016
v -0.694714 0.097389 0.694713
v -0.694714 -0.097389 0.694713
v -0.668016 -0.288424 0.668016
v -0.615647 -0.468376 0.615647
v -0.539619 -0.630328 0.539619
v -0.442854 -0.768056 0.442854
v -0.329070 -0.876269 0.329070
v -0.203273 -0.950719 0.203273
v -0.239671 0.917962 0.292040
v -0.127874 0.973614 0.155815
v -0.578617 -0.380232 0.705046
v -0.614256 -0.193841 0.748473
v -0.347948 0.826144 0.423976
v -0.520741 -0.552012 0.634525
v -0.442854 0.702578 0.539619
v -0.442854 -0.702578 0.539619
v -0.520741 0.552012 0.634525
v -0.347948 -0.826144 0.423976
v -0.578617 0.380232 0.705046
v -0.239671 -0.917962 0.292040
v -0.614256 0.193841 0.748473
v -0.127874 -0.973614 0.155815
v -0.626290 -0.000000 0.763136
v -0.239024 0.950719 0.159711
v -0.386946 0.876269 0.258549
v -0.520741 0.768056 0.347948
v -0.634525 0.630328 0.423976
v -0.723924 0.468376 0.483711
v -0.785504 0.288424 0.524857
v -0.816897 0.097389 0.545833
v -0.816897 -0.097389 0.545833
v -0.785504 -0.288424 0.524857
v -0.723924 -0.468376 0.483711
v -0.634525 -0.630328 0.423976
v -0.520741 -0.768056 0.347948
v -0.386946 -0.876269 0.258549
v -0.239024 -0.950719 0.159711
v -0.705047 0.380232 0.578617
v -0.634525 0.552012 0.520741
v -0.292040 -0.917962 0.239671
v -0.423976 -0.826144 0.347948
v -0.748473 0.193841 0.614256
v -0.155815 -0.973614 0.127874
v -0.763137 -0.000000 0.626290
v -0.155815 0.973614 0.127874
v -0.748473 -0.193841 0.614256
v -0.292040 0.917962 0.239671
v -0.705047 -0.380232 0.578617
v -0.423976 0.826144 0.347948
v -0.634525 -0.552012 0.520741
v -0.539619 0.702578 0.442854
v -0.539619 -0.702578 0.442854
v -0.265589 0.950719 0.110010
v -0.429951 0.876269 0.178091
v -0.578617 0.768056 0.239671
v -0.705047 0.630328 0.292040
v -0.804382 0.468376 0.333186
v -0.872805 0.288424 0.361528
v -0.907687 0.097389 0.375976
v -0.907687 -0.097389 0.375976
v -0.872805 -0.288424 0.361528
v -0.804382 -0.468376 0.333186
v -0.705047 -0.630328 0.292040
v -0.578617 -0.768056 0.239671
v -0.429951 -0.876269 0.178091
v -0.265589 -0.950719 0.110010
v -0.804382 -0.380232 0.429951
v -0.853927 -0.193841 0.456433
v -0.483711 0.826144 0.258549
v -0.333186 0.917962 0.178091
v -0.723924 -0.552012 0.386946
v -0.615647 0.702578 0.329070
v -0.615647 -0.702578 0.329070
v -0.723924 0.552012 0.386946
v -0.483711 -0.826144 0.258549
v -0.804382 0.380232 0.429951
v -0.333186 -0.917962 0.178091
v -0.853927 0.193841 0.456433
v -0.177768 -0.973614 0.095019
v -0.870656 -0.000000 0.465375
v -0.177768 0.973614 0.095019
v -0.281948 0.950719 0.056083
v -0.456433 0.876269 0.090790
v -0.614256 0.768056 0.122183
v -0.748473 0.630328 0.148881
v -0.853927 0.468376 0.169857
v -0.926565 0.288424 0.184305
v -0.963595 0.097389 0.191671
v -0.963595 -0.097389 0.191671
v -0.926565 -0.288424 0.184305
v -0.853927 -0.468376 0.169857
v -0.748473 -0.630328 0.148881
v -0.614256 -0.768056 0.122183
v -0.456433 -0.876269 0.090790
v -0.281948 -0.950719 0.056083
v -0.361528 -0.917962 0.109668
v -0.524857 -0.826144 0.159213
v -0.926565 0.193841 0.281070
v -0.872805 0.380232 0.264762
v -0.192890 -0.973614 0.058513
v -0.944717 -0.000000 0.286576
v -0.192890 0.973614 0.058513
v -0.926565 -0.193841 0.281070
v -0.361528 0.917962 0.109668
v -0.872805 -0.380232 0.264762
v -0.524857 0.826144 0.159213
v -0.785504 -0.552012 0.238280
v -0.668016 0.702578 0.202640
v -0.668016 -0.702578 0.202640
v -0.785504 0.552012 0.238280
v -0.287471 0.950719 -0.000000
v -0.465375 0.876269 -0.000000
v -0.626290 0.768056 -0.000000
v -0.763137 0.630328 -0.000000
v -0.870657 0.468376 -0.000000
v -0.944717 0.288424 -0.000000
v -0.982473 0.097389 -0.000000
v -0.982473 -0.097389 -0.000000
v -0.944717 -0.288424 -0.000000
v -0.870657 -0.468376 -0.000000
v -0.763137 -0.630328 -0.000000
v -0.626290 -0.768056 -0.000000
v -0.465375 -0.876269 -0.000000
v -0.287471 -0.950719 -0.000000
v -0.816897 -0.552012 0.080457
v -0.907687 -0.380232 0.089399
v -0.694714 0.702578 0.068423
v -0.545833 0.826144 0.053760
v -0.694714 -0.702578 0.068423
v -0.816897 0.552012 0.080457
v -0.545833 -0.826144 0.053760
v -0.907687 0.380232 0.089399
v -0.375976 -0.917962 0.037030
v -0.963595 0.193841 0.094906
v -0.200599 -0.973614 0.019757
v -0.982473 -0.000000 0.096765
v -0.200599 0.973614 0.019757
v -0.963595 -0.193841 0.094906
v -0.375976 0.917962 0.037030
v -0.281948 0.950719 -0.056083
v -0.456433 0.876269 -0.090790
v -0.614256 0.768056 -0.122183
v -0.748473 0.630328 -0.148881
v -0.853927 0.468376 -0.169857
v -0.926565 0.288424 -0.184305
v -0.963595 0.097389 -0.191671
v -0.963595 -0.097389 -0.191671
v -0.926565 -0.288424 -0.184305
v -0.853927 -0.468376 -0.169857
v -0.748473 -0.630328 -0.148881
v -0.614256 -0.768056 -0.122183
v -0.456433 -0.876269 -0.090790
v -0.281948 -0.950719 -0.056083
v -0.200599 -0.973614 -0.019757
v -0.375976 -0.917962 -0.037030
v -0.982473 -0.000000 -0.096766
v -0.963595 0.193841 -0.094906
v -0.200599 0.973614 -0.019757
v -0.963595 -0.193841 -0.094906
v -0.375976 0.917962 -0.037030
v -0.907687 -0.380232 -0.089399
v -0.545833 0.826144 -0.053760
v -0.816897 -0.552012 -0.080457
v -0.694713 0.702578 -0.068423
v -0.694713 -0.702578 -0.068423
v -0.816896 0.552012 -0.080457
v -0.545833 -0.826144 -0.053760
v -0.907687 0.380232 -0.089399
v -0.265589 0.950719 -0.110011
v -0.429951 0.876269 -0.178092
v -0.578617 0.768056 -0.239671
v -0.705046 0.630328 -0.292040
v -0.804382 0.468376 -0.333186
v -0.872805 0.288424 -0.361528
v -0.907687 0.097389 -0.375976
v -0.907687 -0.097389 -0.375976
v -0.872805 -0.288424 -0.361528
v -0.804382 -0.468376 -0.333186
v -0.705046 -0.630328 -0.292040
v -0.578617 -0.768056 -0.239671
v -0.429951 -0.876269 -0.178092
v -0.265589 -0.950719 -0.110011
v -0.668016 0.702578 -0.202641
v -0.524857 0.826144 -0.159214
v -0.668016 -0.702578 -0.202641
v -0.785504 -0.552012 -0.238280
v -0.785504 0.552012 -0.238280
v -0.524857 -0.826144 -0.159214
v -0.872805 0.380232 -0.264763
v -0.361528 -0.917962 -0.109668
v -0.926565 0.193841 -0.281071
v -0.192890 -0.973614 -0.058513
v -0.944717 -0.000000 -0.286577
v -0.192890 0.973614 -0.058513
v -0.926565 -0.193841 -0.281071
v -0.361528 0.917962 -0.109668
v -0.872805 -0.380232 -0.264763
v -0.239024 0.950719 -0.159711
v -0.386945 0.876269 -0.258549
v -0.520741 0.768056 -0.347948
v -0.634525 0.630328 -0.423976
v -0.723924 0.468376 -0.483711
v -0.785504 0.288424 -0.524857
v -0.816896 0.097389 -0.545833
v -0.816896 -0.097389 -0.545833
v -0.785504 -0.288424 -0.524857
v -0.723924 -0.468376 -0.483711
v -0.634525 -0.630328 -0.423976
v -0.520741 -0.768056 -0.347948
v -0.386945 -0.876269 -0.258549
v -0.239024 -0.950719 -0.159711
v -0.870656 -0.000000 -0.465376
v -0.853927 0.193841 -0.456434
v -0.177768 0.973614 -0.095019
v -0.177768 -0.973614 -0.095019
v -0.853927 -0.193841 -0.456434
v -0.333186 0.917962 -0.178092
v -0.804382 -0.380232 -0.429951
v -0.483711 0.826144 -0.258549
v -0.723924 -0.552012 -0.386946
v -0.615647 0.702578 -0.329070
v -0.615647 -0.702578 -0.329070
v -0.723924 0.552012 -0.386946
v -0.483711 -0.826144 -0.258549
v -0.804382 0.380232 -0.429951
v -0.333186 -0.917962 -0.178092
v -0.203273 0.950719 -0.203273
v -0.329070 0.876269 -0.329070
v -0.442854 0.768056 -0.442854
v -0.539619 0.630328 -0.539619
v -0.615647 0.468376 -0.615647
v -0.668016 0.288424 -0.668016
v -0.694713 0.097389 -0.694714
v -0.694713 -0.097389 -0.694714
v -0.668016 -0.288424 -0.668016
v -0.615647 -0.468376 -0.615647
v -0.539619 -0.630328 -0.539619
v -0.442854 -0.768056 -0.442854
v -0.329070 -0.876269 -0.329070
v -0.203273 -0.950719 -0.203273
v -0.539619 -0.702578 -0.442854
v -0.634525 -0.552012 -0.520741
v -0.634525 0.552012 -0.520741
v -0.539619 0.702578 -0.442854
v -0.423976 -0.826144 -0.347948
v -0.705046 0.380232 -0.578617
v -0.292040 -0.917962 -0.239671
v -0.748473 0.193841 -0.614256
v -0.155815 -0.973614 -0.127874
v -0.763136 -0.000000 -0.626290
v -0.155815 0.973614 -0.127874
v -0.748473 -0.193841 -0.614256
v -0.292040 0.917962 -0.239671
v -0.705046 -0.380232 -0.578617
v -0.423976 0.826144 -0.347948
v -0.159710 0.950719 -0.239024
v -0.258549 0.876269 -0.386946
v -0.347948 0.768056 -0.520741
v -0.423976 0.630328 -0.634525
v -0.483711 0.468376 -0.723924
v -0.524857 0.288424 -0.785504
v -0.545832 0.097389 -0.816896
v -0.545832 -0.097389 -0.816897
v -0.524857 -0.288424 -0.785504
v -0.483711 -0.468376 -0.723924
v -0.423976 -0.630328 -0.634525
v -0.347948 -0.768056 -0.520741
v -0.258549 -0.876269 -0.386946
v -0.159710 -0.950719 -0.239024
v -0.127874 0.973614 -0.155815
v -0.127874 -0.973614 -0.155815
v -0.614256 -0.193841 -0.748473
v -0.626290 -0.000000 -0.763137
v -0.239671 0.917962 -0.292040
v -0.578617 -0.380232 -0.705046
v -0.347948 0.826144 -0.423976
v -0.520741 -0.552012 -0.634525
v -0.442854 0.702578 -0.539619
v -0.442854 -0.702578 -0.539619
v -0.520741 0.552012 -0.634525
v -0.347948 -0.826144 -0.423976
v -0.578617 0.380232 -0.705046
v -0.239671 -0.917962 -0.292040
v -0.614256 0.193841 -0.748473
v -0.110010 0.950719 -0.265589
v -0.178091 0.876269 -0.429951
v -0.239671 0.768056 -0.578617
v -0.292040 0.630328 -0.705046
v -0.333186 0.468376 -0.804382
v -0.361528 0.288424 -0.872805
v -0.375976 0.097389 -0.907687
v -0.375976 -0.097389 -0.907687
v -0.361528 -0.288424 -0.872805
v -0.333186 -0.468376 -0.804382
v -0.292040 -0.630328 -0.705046
v -0.239671 -0.768056 -0.578617
v -0.178091 -0.876269 -0.429951
v -0.110010 -0.950719 -0.265589
v -0.386945 0.552012 -0.723924
v -0.329070 0.702578 -0.615647
v -0.258549 -0.826144 -0.483711
v -0.329070 -0.702578 -0.615647
v -0.429951 0.380232 -0.804382
v -0.178091 -0.917962 -0.333186
v -0.456433 0.193841 -0.853927
v -0.095019 -0.973614 -0.177768
v -0.465375 -0.000000 -0.870656
v -0.095019 0.973614 -0.177768
v -0.456433 -0.193841 -0.853927
v -0.178091 0.917962 -0.333186
v -0.429951 -0.380232 -0.804382
v -0.258549 0.826144 -0.483711
v -0.386945 -0.552012 -0.723924
v -0.056083 0.950719 -0.281948
v -0.090790 0.876269 -0.456433
v -0.122183 0.768056 -0.614256
v -0.148880 0.630328 -0.748473
v -0.169857 0.468376 -0.853927
v -0.184305 0.288424 -0.926565
v -0.191671 0.097389 -0.963595
v -0.191671 -0.097389 -0.963595
v -0.184305 -0.288424 -0.926565
v -0.169857 -0.468376 -0.853927
v -0.148880 -0.630328 -0.748473
v -0.122183 -0.768056 -0.614256
v -0.090790 -0.876269 -0.456433
v -0.056083 -0.950719 -0.281948
v -0.281070 -0.193841 -0.926565
v -0.286576 -0.000000 -0.944717
v -0.109668 0.917962 -0.361528
v -0.058513 0.973614 -0.192890
v -0.264762 -0.380232 -0.872805
v -0.159213 0.826144 -0.524857
v -0.238280 -0.552012 -0.785504
v -0.202640 0.702578 -0.668016
v -0.202640 -0.702578 -0.668016
v -0.238280 0.552012 -0.785504
v -0.159213 -0.826144 -0.524857
v -0.264762 0.380232 -0.872805
v -0.109668 -0.917962 -0.361528
v -0.281070 0.193841 -0.926565
v -0.058513 -0.973614 -0.192890
v 0.000000 0.950719 -0.287471
v 0.000000 -0.768056 -0.626290
v 0.000000 -0.876269 -0.465375
v 0.000000 -0.950719 -0.287471
v -0.053760 -0.826144 -0.545833
v -0.068423 -0.702578 -0.694714
v -0.089399 0.380232 -0.907687
v -0.037030 -0.917962 -0.375976
v -0.019757 -0.973614 -0.200599
v -0.019757 0.973614 -0.200599
v -0.037030 0.917962 -0.375976
v -0.089399 -0.380232 -0.907687
v -0.068423 0.702578 -0.694714
v 0.000000 0.987361 -0.118139
v 0.000000 0.876269 -0.465376
v 0.000000 0.768056 -0.626290
v 0.000000 0.630328 -0.763137
v 0.000000 0.468376 -0.870657
v 0.000000 0.288424 -0.944717
v 0.000000 -0.288424 -0.944717
v 0.000000 -0.468376 -0.870657
v 0.000000 -0.630328 -0.763137
v 0.000000 -0.987361 -0.118139
v 0.023048 0.987361 -0.115869
v 0.023048 -0.987361 -0.115869
v 0.053760 -0.826144 -0.545833
v 0.068423 -0.702578 -0.694714
v 0.089399 0.380232 -0.907687
v 0.037030 -0.917962 -0.375976
v 0.019757 -0.973614 -0.200599
v 0.019757 0.973614 -0.200599
v 0.037030 0.917962 -0.375976
v 0.089399 -0.380232 -0.907687
v 0.068423 0.702578 -0.694714
v 0.045210 0.987361 -0.109146
v 0.045210 -0.987361 -0.109146
v 0.065634 0.987361 -0.098229
v 0.065634 -0.987361 -0.098229
v 0.083537 0.987361 -0.083537
v 0.083537 -0.987361 -0.083537
v 0.098229 0.987361 -0.065634
v 0.098229 -0.987361 -0.065634
v 0.109146 0.987361 -0.045210
v 0.109146 -0.987361 -0.045210
v 0.115869 0.987361 -0.023048
v 0.115869 -0.987361 -0.023048
v 0.118139 0.987361 0.000000
v 0.118139 -0.987361 0.000000
v 0.115869 0.987361 0.023048
v 0.115869 -0.987361 0.023048
v 0.109146 0.987361 0.045210
v 0.109146 -0.987361 0.045210
v 0.098229 0.987361 0.065634
v 0.098229 -0.987361 0.065634
v 0.083537 0.987361 0.083537
v 0.083537 -0.987361 0.083537
v 0.065634 0.987361 0.098229
v 0.065634 -0.987361 0.098229
v 0.045210 0.987361 0.109146
v 0.045210 -0.987361 0.109146
v 0.023048 0.987361 0.115869
v 0.023048 -0.987361 0.115869
v -0.000000 0.987361 0.118139
v -0.000000 -0.987361 0.118139
v -0.023048 0.987361 0.115869
v -0.023048 -0.987361 0.115869
v -0.045210 0.987361 0.109146
v -0.045210 -0.987361 0.109146
v -0.065634 0.987361 0.098229
v -0.065634 -0.987361 0.098229
v -0.083537 0.987361 0.083537
v -0.083537 -0.987361 0.083537
v -0.098229 0.987361 0.065634
v -0.098229 -0.987361 0.065634
v -0.109146 0.987361 0.045210
v -0.109146 -0.987361 0.045210
v -0.115869 0.987361 0.023048
v -0.115869 -0.987361 0.023048
v -0.118139 0.987361 -0.000000
v -0.118139 -0.987361 -0.000000
v -0.115869 0.987361 -0.023048
v -0.115869 -0.987361 -0.023048
v -0.109146 0.987361 -0.045210
v -0.109146 -0.987361 -0.045210
v -0.098229 0.987361 -0.065634
v -0.098229 -0.987361 -0.065634
v -0.083537 0.987361 -0.083537
v -0.083537 -0.987361 -0.083537
v -0.065634 0.987361 -0.098229
v -0.065634 -0.987361 -0.098229
v -0.045210 0.987361 -0.109146
v -0.045210 -0.987361 -0.109146
v -0.023048 0.987361 -0.115869
v -0.023048 -0.987361 -0.115869
v -0.080457 0.552012 -0.816897
v -0.094906 0.193841 -0.963595
v -0.096765 -0.000000 -0.982473
v -0.094906 -0.193841 -0.963595
v -0.053760 0.826144 -0.545833
v -0.080457 -0.552012 -0.816897
v 0.061387 -0.768056 -0.623272
v 0.085339 0.468376 -0.866461
v 0.045615 -0.876269 -0.463133
v 0.092598 0.288424 -0.940165
v 0.028199 -0.950696 -0.286312
v 0.096299 0.097389 -0.977739
v 0.013329 0.985270 -0.135336
v 0.013329 -0.985270 -0.135336
v 0.096299 -0.097389 -0.977739
v 0.028199 0.950696 -0.286312
v 0.092598 -0.288424 -0.940165
v 0.045615 0.876269 -0.463133
v 0.085339 -0.468376 -0.866461
v 0.061387 0.768056 -0.623272
v 0.074800 -0.630328 -0.759459
v 0.074800 0.630328 -0.759459
v 0.181802 0.768056 -0.599320
v 0.221526 -0.630328 -0.730274
v 0.221526 0.630328 -0.730274
v 0.181802 -0.768056 -0.599320
v 0.252737 0.468376 -0.833163
v 0.135091 -0.876269 -0.445335
v 0.274236 0.288424 -0.904035
v 0.083514 -0.950696 -0.275309
v 0.285196 0.097389 -0.940165
v 0.039476 0.985270 -0.130136
v 0.039476 -0.985270 -0.130136
v 0.285196 -0.097389 -0.940165
v 0.083514 0.950696 -0.275309
v 0.274236 -0.288424 -0.904035
v 0.135091 0.876269 -0.445335
v 0.252737 -0.468376 -0.833163
v 0.463133 0.097389 -0.866461
v 0.064106 0.985270 -0.119934
v 0.064106 -0.985270 -0.119934
v 0.463133 -0.097389 -0.866461
v 0.135620 0.950696 -0.253726
v 0.445335 -0.288424 -0.833163
v 0.219376 0.876269 -0.410423
v 0.410423 -0.468376 -0.767848
v 0.295230 0.768056 -0.552337
v 0.359739 -0.630328 -0.673024
v 0.359739 0.630328 -0.673024
v 0.295230 -0.768056 -0.552337
v 0.410423 0.468376 -0.767848
v 0.219376 -0.876269 -0.410423
v 0.445335 0.288424 -0.833163
v 0.135620 -0.950696 -0.253726
v 0.484127 -0.630328 -0.589911
v 0.484127 0.630328 -0.589911
v 0.397313 -0.768056 -0.484127
v 0.552337 0.468376 -0.673024
v 0.295230 -0.876269 -0.359739
v 0.599320 0.288424 -0.730274
v 0.182513 -0.950696 -0.222393
v 0.623272 0.097389 -0.759459
v 0.086272 0.985270 -0.105123
v 0.086272 -0.985270 -0.105123
v 0.623272 -0.097389 -0.759459
v 0.182513 0.950696 -0.222393
v 0.599320 -0.288424 -0.730274
v 0.295230 0.876269 -0.359739
v 0.552337 -0.468376 -0.673024
v 0.397313 0.768056 -0.484127
v 0.105123 -0.985270 -0.086272
v 0.759459 -0.097389 -0.623272
v 0.222393 0.950696 -0.182513
v 0.730274 -0.288424 -0.599320
v 0.359739 0.876269 -0.295230
v 0.673024 -0.468376 -0.552337
v 0.484127 0.768056 -0.397313
v 0.589911 -0.630328 -0.484127
v 0.589911 0.630328 -0.484127
v 0.484127 -0.768056 -0.397313
v 0.673024 0.468376 -0.552337
v 0.359739 -0.876269 -0.295230
v 0.730274 0.288424 -0.599320
v 0.222393 -0.950696 -0.182513
v 0.759459 0.097389 -0.623272
v 0.105123 0.985270 -0.086272
v 0.552337 -0.768056 -0.295230
v 0.767848 0.468376 -0.410423
v 0.410423 -0.876269 -0.219376
v 0.833163 0.288424 -0.445335
v 0.253726 -0.950696 -0.135620
v 0.866461 0.097389 -0.463133
v 0.119934 0.985270 -0.064106
v 0.119934 -0.985270 -0.064106
v 0.866461 -0.097389 -0.463133
v 0.253726 0.950696 -0.135620
v 0.833163 -0.288424 -0.445335
v 0.410423 0.876269 -0.219376
v 0.767848 -0.468376 -0.410423
v 0.552337 0.768056 -0.295230
v 0.673024 -0.630328 -0.359739
v 0.673024 0.630328 -0.359739
v 0.275309 0.950696 -0.083514
v 0.904035 -0.288424 -0.274236
v 0.445335 0.876269 -0.135091
v 0.833163 -0.468376 -0.252737
v 0.599320 0.768056 -0.181802
v 0.730274 -0.630328 -0.221526
v 0.730274 0.630328 -0.221526
v 0.599320 -0.768056 -0.181802
v 0.833163 0.468376 -0.252737
v 0.445335 -0.876269 -0.135091
v 0.904035 0.288424 -0.274236
v 0.275309 -0.950696 -0.083514
v 0.940165 0.097389 -0.285196
v 0.130136 0.985270 -0.039476
v 0.130136 -0.985270 -0.039476
v 0.940165 -0.097389 -0.285196
v 0.866461 0.468376 -0.085339
v 0.463133 -0.876269 -0.045615
v 0.940165 0.288424 -0.092598
v 0.286312 -0.950696 -0.028199
v 0.977739 0.097389 -0.096299
v 0.135336 0.985270 -0.013329
v 0.135336 -0.985270 -0.013329
v 0.977739 -0.097389 -0.096299
v 0.286312 0.950696 -0.028199
v 0.940165 -0.288424 -0.092598
v 0.463133 0.876269 -0.045615
v 0.866461 -0.468376 -0.085339
v 0.623272 0.768056 -0.061387
v 0.759459 -0.630328 -0.074800
v 0.759459 0.630328 -0.074800
v 0.623272 -0.768056 -0.061387
v 0.940165 -0.288424 0.092598
v 0.463133 0.876269 0.045615
v 0.866461 -0.468376 0.085339
v 0.623272 0.768056 0.061387
v 0.759459 -0.630328 0.074800
v 0.759459 0.630328 0.074800
v 0.623272 -0.768056 0.061387
v 0.866461 0.468376 0.085339
v 0.463133 -0.876269 0.045615
v 0.940165 0.288424 0.092598
v 0.286312 -0.950696 0.028199
v 0.977739 0.097389 0.096299
v 0.135336 0.985270 0.013329
v 0.135336 -0.985270 0.013329
v 0.977739 -0.097389 0.096299
v 0.286312 0.950696 0.028199
v 0.445335 -0.876269 0.135091
v 0.904035 0.288424 0.274236
v 0.275309 -0.950696 0.083514
v 0.940165 0.097389 0.285196
v 0.130136 0.985270 0.039476
v 0.130136 -0.985270 0.039476
v 0.940165 -0.097389 0.285196
v 0.275309 0.950696 0.083514
v 0.904035 -0.288424 0.274236
v 0.445335 0.876269 0.135091
v 0.833163 -0.468376 0.252737
v 0.599320 0.768056 0.181802
v 0.730274 -0.630328 0.221526
v 0.730274 0.630328 0.221526
v 0.599320 -0.768056 0.181802
v 0.833163 0.468376 0.252737
v 0.410423 0.876269 0.219376
v 0.767848 -0.468376 0.410423
v 0.552337 0.768056 0.295230
v 0.673024 -0.630328 0.359739
v 0.673024 0.630328 0.359739
v 0.552336 -0.768056 0.295230
v 0.767848 0.468376 0.410423
v 0.410423 -0.876269 0.219376
v 0.833163 0.288424 0.445335
v 0.253726 -0.950696 0.135620
v 0.866461 0.097389 0.463133
v 0.119934 0.985270 0.064106
v 0.119934 -0.985270 0.064106
v 0.866461 -0.097389 0.463133
v 0.253726 0.950696 0.135620
v 0.833163 -0.288424 0.445335
v 0.730274 0.288424 0.599320
v 0.222393 -0.950696 0.182513
v 0.759459 0.097389 0.623272
v 0.105123 0.985270 0.086272
v 0.105123 -0.985270 0.086272
v 0.759459 -0.097389 0.623272
v 0.222393 0.950696 0.182513
v 0.730274 -0.288424 0.599320
v 0.359739 0.876269 0.295230
v 0.673024 -0.468376 0.552337
v 0.484127 0.768056 0.397313
v 0.589911 -0.630328 0.484127
v 0.589911 0.630328 0.484127
v 0.484127 -0.768056 0.397313
v 0.673024 0.468376 0.552337
v 0.359739 -0.876269 0.295230
v 0.552336 -0.468376 0.673024
v 0.397313 0.768056 0.484127
v 0.484127 -0.630328 0.589911
v 0.484127 0.630328 0.589911
v 0.397313 -0.768056 0.484127
v 0.552337 0.468376 0.673024
v 0.295230 -0.876269 0.359739
v 0.599320 0.288424 0.730274
v 0.182513 -0.950696 0.222393
v 0.623272 0.097389 0.759459
v 0.086272 0.985270 0.105123
v 0.086272 -0.985270 0.105123
v 0.623272 -0.097389 0.759459
v 0.182513 0.950696 0.222393
v 0.599320 -0.288424 0.730274
v 0.295230 0.876269 0.359739
v 0.135619 -0.950696 0.253726
v 0.463133 0.097389 0.866461
v 0.064106 0.985270 0.119934
v 0.064106 -0.985270 0.119934
v 0.463133 -0.097389 0.866461
v 0.135619 0.950696 0.253726
v 0.445335 -0.288424 0.833163
v 0.219376 0.876269 0.410423
v 0.410423 -0.468376 0.767848
v 0.295230 0.768056 0.552336
v 0.359739 -0.630328 0.673024
v 0.359739 0.630328 0.673024
v 0.295230 -0.768056 0.552337
v 0.410423 0.468376 0.767848
v 0.219376 -0.876269 0.410423
v 0.445335 0.288424 0.833163
v 0.221526 -0.630328 0.730274
v 0.221526 0.630328 0.730274
v 0.181802 -0.768056 0.599320
v 0.252737 0.468376 0.833163
v 0.135091 -0.876269 0.445335
v 0.274236 0.288424 0.904035
v 0.083514 -0.950696 0.275309
v 0.285196 0.097389 0.940165
v 0.039476 0.985270 0.130136
v 0.039476 -0.985270 0.130136
v 0.285196 -0.097389 0.940165
v 0.083514 0.950696 0.275309
v 0.274236 -0.288424 0.904035
v 0.135091 0.876269 0.445335
v 0.252737 -0.468376 0.833163
v 0.181802 0.768056 0.599320
v 0.013329 0.985270 0.135336
v 0.013329 -0.985270 0.135336
v 0.096299 -0.097389 0.977738
v 0.028199 0.950696 0.286312
v 0.092598 -0.288424 0.940165
v 0.045615 0.876269 0.463133
v 0.085339 -0.468376 0.866461
v 0.061387 0.768056 0.623272
v 0.074800 -0.630328 0.759459
v 0.074800 0.630328 0.759459
v 0.061387 -0.768056 0.623272
v 0.085339 0.468376 0.866461
v 0.045615 -0.876269 0.463133
v 0.092598 0.288424 0.940165
v 0.028199 -0.950696 0.286312
v 0.096299 0.097389 0.977738
v -0.074800 0.630328 0.759459
v -0.061387 -0.768056 0.623272
v -0.085339 0.468376 0.866461
v -0.045615 -0.876269 0.463133
v -0.092598 0.288424 0.940165
v -0.028199 -0.950696 0.286312
v -0.096299 0.097389 0.977738
v -0.013329 0.985270 0.135336
v -0.013329 -0.985270 0.135336
v -0.096299 -0.097389 0.977738
v -0.028199 0.950696 0.286312
v -0.092598 -0.288424 0.940165
v -0.045615 0.876269 0.463133
v -0.085339 -0.468376 0.866461
v -0.061387 0.768056 0.623272
v -0.074800 -0.630328 0.759459
v -0.285196 -0.097389 0.940164
v -0.083514 0.950696 0.275309
v -0.274236 -0.288424 0.904035
v -0.135091 0.876269 0.445335
v -0.252737 -0.468376 0.833163
v -0.181802 0.768056 0.599320
v -0.221526 -0.630328 0.730274
v -0.221526 0.630328 0.730274
v -0.181802 -0.768056 0.599320
v -0.252737 0.468376 0.833163
v -0.135091 -0.876269 0.445335
v -0.274236 0.288424 0.904035
v -0.083514 -0.950696 0.275309
v -0.285196 0.097389 0.940164
v -0.039476 0.985270 0.130136
v -0.039476 -0.985270 0.130136
v -0.295230 -0.768056 0.552336
v -0.410423 0.468376 0.767847
v -0.219376 -0.876269 0.410423
v -0.445335 0.288424 0.833163
v -0.135620 -0.950696 0.253726
v -0.463133 0.097389 0.866460
v -0.064106 0.985270 0.119934
v -0.064106 -0.985270 0.119934
v -0.463133 -0.097389 0.866460
v -0.135620 0.950696 0.253726
v -0.445335 -0.288424 0.833163
v -0.219376 0.876269 0.410423
v -0.410423 -0.468376 0.767847
v -0.295230 0.768056 0.552336
v -0.359739 -0.630328 0.673024
v -0.359739 0.630328 0.673024
v -0.182513 0.950696 0.222393
v -0.599320 -0.288424 0.730274
v -0.295230 0.876269 0.359739
v -0.552336 -0.468376 0.673024
v -0.397313 0.768056 0.484127
v -0.484127 -0.630328 0.589910
v -0.484127 0.630328 0.589910
v -0.397313 -0.768056 0.484127
v -0.552336 0.468376 0.673024
v -0.295230 -0.876269 0.359739
v -0.599320 0.288424 0.730273
v -0.182513 -0.950696 0.222393
v -0.623272 0.097389 0.759459
v -0.086272 0.985270 0.105123
v -0.086272 -0.985270 0.105123
v -0.623272 -0.097389 0.759459
v -0.673024 0.468376 0.552336
v -0.359739 -0.876269 0.295230
v -0.730274 0.288424 0.599320
v -0.222393 -0.950696 0.182513
v -0.759459 0.097389 0.623272
v -0.105123 0.985270 0.086272
v -0.105123 -0.985270 0.086272
v -0.759459 -0.097389 0.623272
v -0.222393 0.950696 0.182513
v -0.730274 -0.288424 0.599320
v -0.359739 0.876269 0.295230
v -0.673024 -0.468376 0.552336
v -0.484127 0.768056 0.397313
v -0.589910 -0.630328 0.484127
v -0.589911 0.630328 0.484127
v -0.484127 -0.768056 0.397313
v -0.833163 -0.288424 0.445335
v -0.410423 0.876269 0.219376
v -0.767847 -0.468376 0.410423
v -0.552336 0.768056 0.295230
v -0.673024 -0.630328 0.359739
v -0.673024 0.630328 0.359739
v -0.552336 -0.768056 0.295230
v -0.767847 0.468376 0.410423
v -0.410423 -0.876269 0.219376
v -0.833163 0.288424 0.445335
v -0.253726 -0.950696 0.135619
v -0.866461 0.097389 0.463133
v -0.119934 0.985270 0.064106
v -0.119934 -0.985270 0.064106
v -0.866461 -0.097389 0.463133
v -0.253726 0.950696 0.135619
v -0.445335 -0.876269 0.135091
v -0.904035 0.288424 0.274236
v -0.275309 -0.950696 0.083514
v -0.940165 0.097389 0.285195
v -0.130136 0.985270 0.039476
v -0.130136 -0.985270 0.039476
v -0.940164 -0.097389 0.285195
v -0.275309 0.950696 0.083514
v -0.904035 -0.288424 0.274236
v -0.445335 0.876269 0.135091
v -0.833163 -0.468376 0.252737
v -0.599320 0.768056 0.181802
v -0.730274 -0.630328 0.221526
v -0.730274 0.630328 0.221526
v -0.599320 -0.768056 0.181802
v -0.833163 0.468376 0.252737
v -0.866461 -0.468376 0.085339
v -0.623272 0.768056 0.061387
v -0.759459 -0.630328 0.074800
v -0.759459 0.630328 0.074800
v -0.623272 -0.768056 0.061387
v -0.866461 0.468376 0.085339
v -0.463133 -0.876269 0.045615
v -0.940165 0.288424 0.092598
v -0.286312 -0.950696 0.028199
v -0.977738 0.097389 0.096298
v -0.135336 0.985270 0.013329
v -0.135336 -0.985270 0.013329
v -0.977738 -0.097389 0.096298
v -0.286312 0.950696 0.028199
v -0.940165 -0.288424 0.092598
v -0.463133 0.876269 0.045615
v -0.286312 -0.950696 -0.028199
v -0.977738 0.097389 -0.096299
v -0.135336 0.985270 -0.013329
v -0.135336 -0.985270 -0.013329
v -0.977738 -0.097389 -0.096299
v -0.286312 0.950696 -0.028199
v -0.940165 -0.288424 -0.092598
v -0.463133 0.876269 -0.045615
v -0.866461 -0.468376 -0.085339
v -0.623272 0.768056 -0.061387
v -0.759459 -0.630328 -0.074800
v -0.759459 0.630328 -0.074800
v -0.623272 -0.768056 -0.061387
v -0.866461 0.468376 -0.085339
v -0.463133 -0.876269 -0.045615
v -0.940165 0.288424 -0.092598
v -0.599320 0.768056 -0.181802
v -0.730273 -0.630328 -0.221526
v -0.730273 0.630328 -0.221526
v -0.599320 -0.768056 -0.181802
v -0.833163 0.468376 -0.252737
v -0.445335 -0.876269 -0.135091
v -0.904034 0.288424 -0.274236
v -0.275309 -0.950696 -0.083514
v -0.940164 0.097389 -0.285196
v -0.130136 0.985270 -0.039476
v -0.130135 -0.985270 -0.039476
v -0.940164 -0.097389 -0.285196
v -0.275309 0.950696 -0.083514
v -0.904034 -0.288424 -0.274236
v -0.445335 0.876269 -0.135091
v -0.833163 -0.468376 -0.252737
v -0.866460 0.097389 -0.463133
v -0.119934 0.985270 -0.064106
v -0.119934 -0.985270 -0.064106
v -0.866460 -0.097389 -0.463133
v -0.253726 0.950696 -0.135620
v -0.833163 -0.288424 -0.445335
v -0.410423 0.876269 -0.219376
v -0.767847 -0.468376 -0.410423
v -0.552336 0.768056 -0.295230
v -0.673024 -0.630328 -0.359739
v -0.673024 0.630328 -0.359739
v -0.552336 -0.768056 -0.295230
v -0.767847 0.468376 -0.410423
v -0.410423 -0.876269 -0.219376
v -0.833163 0.288424 -0.445335
v -0.253726 -0.950696 -0.135620
v -0.589910 -0.630328 -0.484127
v -0.589910 0.630328 -0.484127
v -0.484127 -0.768056 -0.397313
v -0.673024 0.468376 -0.552336
v -0.359739 -0.876269 -0.295230
v -0.730273 0.288424 -0.599320
v -0.222393 -0.950696 -0.182513
v -0.759459 0.097389 -0.623272
v -0.105123 0.985270 -0.086272
v -0.105123 -0.985270 -0.086272
v -0.759459 -0.097389 -0.623272
v -0.222393 0.950696 -0.182513
v -0.730273 -0.288424 -0.599320
v -0.359739 0.876269 -0.295230
v -0.673024 -0.468376 -0.552336
v -0.484127 0.768056 -0.397313
v -0.086272 0.985270 -0.105123
v -0.086272 -0.985270 -0.105123
v -0.623271 -0.097389 -0.759459
v -0.182513 0.950696 -0.222393
v -0.599320 -0.288424 -0.730274
v -0.295230 0.876269 -0.359739
v -0.552336 -0.468376 -0.673024
v -0.397313 0.768056 -0.484127
v -0.484127 -0.630328 -0.589910
v -0.484127 0.630328 -0.589910
v -0.397313 -0.768056 -0.484127
v -0.552336 0.468376 -0.673024
v -0.295230 -0.876269 -0.359739
v -0.599320 0.288424 -0.730273
v -0.182513 -0.950696 -0.222393
v -0.623272 0.097389 -0.759459
v -0.359739 0.630328 -0.673024
v -0.295230 -0.768056 -0.552336
v -0.410423 0.468376 -0.767847
v -0.219375 -0.876269 -0.410423
v -0.445335 0.288424 -0.833163
v -0.135619 -0.950696 -0.253726
v -0.463132 0.097389 -0.866460
v -0.064106 0.985270 -0.119934
v -0.064106 -0.985270 -0.119934
v -0.463132 -0.097389 -0.866461
v -0.135619 0.950696 -0.253726
v -0.445335 -0.288424 -0.833163
v -0.219375 0.876269 -0.410423
v -0.410423 -0.468376 -0.767847
v -0.295230 0.768056 -0.552336
v -0.359739 -0.630328 -0.673024
v -0.285195 -0.097389 -0.940164
v -0.083514 0.950696 -0.275309
v -0.274236 -0.288424 -0.904035
v -0.135091 0.876269 -0.445335
v -0.252737 -0.468376 -0.833163
v -0.181802 0.768056 -0.599320
v -0.221526 -0.630328 -0.730273
v -0.221526 0.630328 -0.730273
v -0.181802 -0.768056 -0.599320
v -0.252737 0.468376 -0.833163
v -0.135091 -0.876269 -0.445335
v -0.274236 0.288424 -0.904034
v -0.083514 -0.950696 -0.275309
v -0.285195 0.097389 -0.940164
v -0.039476 0.985270 -0.130136
v -0.039476 -0.985270 -0.130135
v -0.061387 -0.768056 -0.623272
v -0.085339 0.468376 -0.866461
v -0.045614 -0.876269 -0.463133
v -0.092598 0.288424 -0.940165
v -0.028199 -0.950696 -0.286312
v -0.096299 0.097389 -0.977739
v -0.013329 0.985270 -0.135336
v -0.013329 -0.985270 -0.135336
v -0.096299 -0.097389 -0.977739
v -0.028199 0.950696 -0.286312
v -0.092598 -0.288424 -0.940165
v -0.045615 0.876269 -0.463133
v -0.085339 -0.468376 -0.866461
v -0.061387 0.768056 -0.623272
v -0.074800 -0.630328 -0.759459
v -0.074800 0.630328 -0.759459
vn -0.0000 1.0000 -0.0000
vn -0.0000 0.8291 -0.5591
vn -0.0000 0.5524 -0.8336
vn -0.0000 0.1936 -0.9811
vn -0.0000 -0.0000 -1.0000
vn -0.0000 -0.1936 -0.9811
vn -0.0000 -0.5524 -0.8336
vn -0.0000 -1.0000 -0.0000
vn 0.0414 0.9772 -0.2081
vn 0.0755 0.9220 -0.3798
vn 0.1091 0.8291 -0.5483
vn 0.1385 0.7041 -0.6965
vn 0.1626 0.5524 -0.8176
vn 0.1805 0.3801 -0.9072
vn 0.1914 0.1936 -0.9622
vn 0.1951 -0.0000 -0.9808
vn 0.1914 -0.1936 -0.9622
vn 0.1805 -0.3801 -0.9072
vn 0.1626 -0.5524 -0.8176
vn 0.1385 -0.7041 -0.6965
vn 0.1091 -0.8291 -0.5483
vn 0.0755 -0.9220 -0.3798
vn 0.0414 -0.9772 -0.2081
vn 0.0812 0.9772 -0.1961
vn 0.1482 0.9220 -0.3578
vn 0.2140 0.8291 -0.5165
vn 0.2718 0.7041 -0.6561
vn 0.3190 0.5524 -0.7701
vn 0.3540 0.3801 -0.8546
vn 0.3754 0.1936 -0.9064
vn 0.3827 -0.0000 -0.9239
vn 0.3754 -0.1936 -0.9064
vn 0.3540 -0.3801 -0.8546
vn 0.3190 -0.5524 -0.7701
vn 0.2718 -0.7041 -0.6561
vn 0.2140 -0.8291 -0.5165
vn 0.1482 -0.9220 -0.3578
vn 0.0812 -0.9772 -0.1961
vn 0.1179 0.9772 -0.1765
vn 0.2151 0.9220 -0.3220
vn 0.3106 0.8291 -0.4649
vn 0.3945 0.7041 -0.5904
vn 0.4631 0.5524 -0.6931
vn 0.5139 0.3801 -0.7691
vn 0.5451 0.1936 -0.8157
vn 0.5556 -0.0000 -0.8315
vn 0.5451 -0.1936 -0.8157
vn 0.5139 -0.3801 -0.7691
vn 0.4631 -0.5524 -0.6931
vn 0.3945 -0.7041 -0.5904
vn 0.3106 -0.8291 -0.4649
vn 0.2151 -0.9220 -0.3220
vn 0.1179 -0.9772 -0.1765
vn 0.1501 0.9772 -0.1501
vn 0.2738 0.9220 -0.2738
vn 0.3953 0.8291 -0.3953
vn 0.5021 0.7041 -0.5021
vn 0.5894 0.5524 -0.5894
vn 0.6540 0.3801 -0.6540
vn 0.6937 0.1936 -0.6937
vn 0.7071 -0.0000 -0.7071
vn 0.6937 -0.1936 -0.6937
vn 0.6540 -0.3801 -0.6540
vn 0.5894 -0.5524 -0.5894
vn 0.5021 -0.7041 -0.5021
vn 0.3953 -0.8291 -0.3953
vn 0.2738 -0.9220 -0.2738
vn 0.1501 -0.9772 -0.1501
vn 0.1765 0.9772 -0.1179
vn 0.3220 0.9220 -0.2151
vn 0.4649 0.8291 -0.3106
vn 0.5904 0.7041 -0.3945
vn 0.6931 0.5524 -0.4631
vn 0.7691 0.3801 -0.5139
vn 0.8157 0.1936 -0.5451
vn 0.8315 -0.0000 -0.5556
vn 0.8157 -0.1936 -0.5451
vn 0.7691 -0.3801 -0.5139
vn 0.6931 -0.5524 -0.4631
vn 0.5904 -0.7041 -0.3945
vn 0.4649 -0.8291 -0.3106
vn 0.3220 -0.9220 -0.2151
vn 0.1765 -0.9772 -0.1179
vn 0.1961 0.9772 -0.0812
vn 0.3578 0.9220 -0.1482
vn 0.5165 0.8291 -0.2140
vn 0.6561 0.7041 -0.2718
vn 0.7701 0.5524 -0.3190
vn 0.8546 0.3801 -0.3540
vn 0.9064 0.1936 -0.3754
vn 0.9239 -0.0000 -0.3827
vn 0.9064 -0.1936 -0.3754
vn 0.8546 -0.3801 -0.3540
vn 0.7701 -0.5524 -0.3190
vn 0.6561 -0.7041 -0.2718
vn 0.5165 -0.8291 -0.2140
vn 0.3578 -0.9220 -0.1482
vn 0.1961 -0.9772 -0.0812
vn 0.2081 0.9772 -0.0414
vn 0.3798 0.9220 -0.0756
vn 0.5483 0.8291 -0.1091
vn 0.6965 0.7041 -0.1385
vn 0.8176 0.5524 -0.1626
vn 0.9072 0.3801 -0.1805
vn 0.9622 0.1936 -0.1914
vn 0.9808 -0.0000 -0.1951
vn 0.9622 -0.1936 -0.1914
vn 0.9072 -0.3801 -0.1805
vn 0.8176 -0.5524 -0.1626
vn 0.6965 -0.7041 -0.1385
vn 0.5483 -0.8291 -0.1091
vn 0.3798 -0.9220 -0.0756
vn 0.2081 -0.9772 -0.0414
vn 0.2122 0.9772 -0.0000
vn 0.3873 0.9220 -0.0000
vn 0.5591 0.8291 -0.0000
vn 0.7101 0.7041 -0.0000
vn 0.8336 0.5524 -0.0000
vn 0.9250 0.3801 -0.0000
vn 0.9811 0.1936 -0.0000
vn 1.0000 -0.0000 -0.0000
vn 0.9811 -0.1936 -0.0000
vn 0.9250 -0.3801 -0.0000
vn 0.8336 -0.5524 -0.0000
vn 0.7101 -0.7041 -0.0000
vn 0.5591 -0.8291 -0.0000
vn 0.3873 -0.9220 -0.0000
vn 0.2122 -0.9772 -0.0000
vn 0.2081 0.9772 0.0414
vn 0.3798 0.9220 0.0756
vn 0.5483 0.8291 0.1091
vn 0.6965 0.7041 0.1385
vn 0.8176 0.5524 0.1626
vn 0.9072 0.3801 0.1805
vn 0.9622 0.1936 0.1914
vn 0.9808 -0.0000 0.1951
vn 0.9622 -0.1936 0.1914
vn 0.9072 -0.3801 0.1805
vn 0.8176 -0.5524 0.1626
vn 0.6965 -0.7041 0.1385
vn 0.5483 -0.8291 0.1091
vn 0.3798 -0.9220 0.0756
vn 0.2081 -0.9772 0.0414
vn 0.1961 0.9772 0.0812
vn 0.3578 0.9220 0.1482
vn 0.5165 0.8291 0.2140
vn 0.6561 0.7041 0.2718
vn 0.7701 0.5524 0.3190
vn 0.8546 0.3801 0.3540
vn 0.9064 0.1936 0.3754
vn 0.9239 -0.0000 0.3827
vn 0.9064 -0.1936 0.3754
vn 0.8546 -0.3801 0.3540
vn 0.7701 -0.5524 0.3190
vn 0.6561 -0.7041 0.2718
vn 0.5165 -0.8291 0.2140
vn 0.3578 -0.9220 0.1482
vn 0.1961 -0.9772 0.0812
vn 0.1765 0.9772 0.1179
vn 0.3220 0.9220 0.2152
vn 0.4649 0.8291 0.3106
vn 0.5904 0.7041 0.3945
vn 0.6931 0.5524 0.4631
vn 0.7691 0.3801 0.5139
vn 0.8157 0.1936 0.5451
vn 0.8315 -0.0000 0.5556
vn 0.8157 -0.1936 0.5451
vn 0.7691 -0.3801 0.5139
vn 0.6931 -0.5524 0.4631
vn 0.5904 -0.7041 0.3945
vn 0.4649 -0.8291 0.3106
vn 0.3220 -0.9220 0.2151
vn 0.1765 -0.9772 0.1179
vn 0.1501 0.9772 0.1501
vn 0.2738 0.9220 0.2738
vn 0.3953 0.8291 0.3953
vn 0.5021 0.7041 0.5021
vn 0.5894 0.5524 0.5894
vn 0.6540 0.3801 0.6540
vn 0.6937 0.1936 0.6937
vn 0.7071 -0.0000 0.7071
vn 0.6937 -0.1936 0.6937
vn 0.6540 -0.3801 0.6540
vn 0.5894 -0.5524 0.5894
vn 0.5021 -0.7041 0.5021
vn 0.3953 -0.8291 0.3953
vn 0.2738 -0.9220 0.2738
vn 0.1501 -0.9772 0.1501
vn 0.1179 0.9772 0.1765
vn 0.2151 0.9220 0.3220
vn 0.3106 0.8291 0.4649
vn 0.3945 0.7041 0.5904
vn 0.4631 0.5524 0.6931
vn 0.5139 0.3801 0.7691
vn 0.5451 0.1936 0.8157
vn 0.5556 -0.0000 0.8315
vn 0.5451 -0.1936 0.8157
vn 0.5139 -0.3801 0.7691
vn 0.4631 -0.5524 0.6931
vn 0.3945 -0.7041 0.5904
vn 0.3106 -0.8291 0.4649
vn 0.2151 -0.9220 0.3220
vn 0.1179 -0.9772 0.1765
vn 0.0812 0.9772 0.1961
vn 0.1482 0.9220 0.3578
vn 0.2140 0.8291 0.5165
vn 0.2718 0.7041 0.6561
vn 0.3190 0.5524 0.7701
vn 0.3540 0.3801 0.8546
vn 0.3754 0.1936 0.9064
vn 0.3827 -0.0000 0.9239
vn 0.3754 -0.1936 0.9064
vn 0.3540 -0.3801 0.8546
vn 0.3190 -0.5524 0.7701
vn 0.2718 -0.7041 0.6561
vn 0.2140 -0.8291 0.5165
vn 0.1482 -0.9220 0.3578
vn 0.0812 -0.9772 0.1961
vn 0.0414 0.9772 0.2081
vn 0.0755 0.9220 0.3798
vn 0.1091 0.8291 0.5483
vn 0.1385 0.7041 0.6965
vn 0.1626 0.5524 0.8176
vn 0.1805 0.3801 0.9072
vn 0.1914 0.1936 0.9622
vn 0.1951 -0.0000 0.9808
vn 0.1914 -0.1936 0.9622
vn 0.1805 -0.3801 0.9072
vn 0.1626 -0.5524 0.8176
vn 0.1385 -0.7041 0.6965
vn 0.1091 -0.8291 0.5483
vn 0.0756 -0.9220 0.3798
vn 0.0414 -0.9772 0.2081
vn -0.0000 0.9772 0.2122
vn -0.0000 0.9220 0.3873
vn -0.0000 0.8291 0.5591
vn -0.0000 0.7041 0.7101
vn -0.0000 0.5524 0.8336
vn -0.0000 0.3801 0.9250
vn -0.0000 0.1936 0.9811
vn -0.0000 -0.0000 1.0000
vn -0.0000 -0.1936 0.9811
vn -0.0000 -0.3801 0.9250
vn -0.0000 -0.5524 0.8336
vn -0.0000 -0.7041 0.7101
vn -0.0000 -0.8291 0.5591
vn -0.0000 -0.9220 0.3873
vn -0.0000 -0.9772 0.2122
vn -0.0414 0.9772 0.2081
vn -0.0755 0.9220 0.3798
vn -0.1091 0.8291 0.5483
vn -0.1385 0.7041 0.6965
vn -0.1626 0.5524 0.8176
vn -0.1805 0.3801 0.9072
vn -0.1914 0.1936 0.9622
vn -0.1951 -0.0000 0.9808
vn -0.1914 -0.1936 0.9622
vn -0.1805 -0.3801 0.9072
vn -0.1626 -0.5524 0.8176
vn -0.1385 -0.7041 0.6965
vn -0.1091 -0.8291 0.5483
vn -0.0756 -0.9220 0.3798
vn -0.0414 -0.9772 0.2081
vn -0.0812 0.9772 0.1961
vn -0.1482 0.9220 0.3578
vn -0.2140 0.8291 0.5165
vn -0.2718 0.7041 0.6561
vn -0.3190 0.5524 0.7701
vn -0.3540 0.3801 0.8546
vn -0.3754 0.1936 0.9064
vn -0.3827 -0.0000 0.9239
vn -0.3754 -0.1936 0.9064
vn -0.3540 -0.3801 0.8546
vn -0.3190 -0.5524 0.7701
vn -0.2718 -0.7041 0.6561
vn -0.2140 -0.8291 0.5165
vn -0.1482 -0.9220 0.3578
vn -0.0812 -0.9772 0.1961
vn -0.1179 0.9772 0.1765
vn -0.2151 0.9220 0.3220
vn -0.3106 0.8291 0.4649
vn -0.3945 0.7041 0.5904
vn -0.4631 0.5524 0.6931
vn -0.5139 0.3801 0.7691
vn -0.5451 0.1936 0.8157
vn -0.5556 -0.0000 0.8315
vn -0.5451 -0.1936 0.8157
vn -0.5139 -0.3801 0.7691
vn -0.4631 -0.5524 0.6931
vn -0.3945 -0.7041 0.5904
vn -0.3106 -0.8291 0.4649
vn -0.2151 -0.9220 0.3220
vn -0.1179 -0.9772 0.1765
vn -0.1501 0.9772 0.1501
vn -0.2738 0.9220 0.2738
vn -0.3953 0.8291 0.3953
vn -0.5021 0.7041 0.5021
vn -0.5894 0.5524 0.5894
vn -0.6540 0.3801 0.6540
vn -0.6937 0.1936 0.6937
vn -0.7071 -0.0000 0.7071
vn -0.6937 -0.1936 0.6937
vn -0.6540 -0.3801 0.6540
vn -0.5894 -0.5524 0.5894
vn -0.5021 -0.7041 0.5021
vn -0.3953 -0.8291 0.3953
vn -0.2738 -0.9220 0.2738
vn -0.1501 -0.9772 0.1501
vn -0.1765 0.9772 0.1179
vn -0.3220 0.9220 0.2151
vn -0.4649 0.8291 0.3106
vn -0.5904 0.7041 0.3945
vn -0.6931 0.5524 0.4631
vn -0.7691 0.3801 0.5139
vn -0.8157 0.1936 0.5451
vn -0.8315 -0.0000 0.5556
vn -0.8157 -0.1936 0.5451
vn -0.7691 -0.3801 0.5139
vn -0.6931 -0.5524 0.4631
vn -0.5904 -0.7041 0.3945
vn -0.4649 -0.8291 0.3106
vn -0.3220 -0.9220 0.2151
vn -0.1765 -0.9772 0.1179
vn -0.1961 0.9772 0.0812
vn -0.3578 0.9220 0.1482
vn -0.5165 0.8291 0.2140
vn -0.6561 0.7041 0.2718
vn -0.7701 0.5524 0.3190
vn -0.8546 0.3801 0.3540
vn -0.9064 0.1936 0.3754
vn -0.9239 -0.0000 0.3827
vn -0.9064 -0.1936 0.3754
vn -0.8546 -0.3801 0.3540
vn -0.7701 -0.5524 0.3190
vn -0.6561 -0.7041 0.2718
vn -0.5165 -0.8291 0.2140
vn -0.3578 -0.9220 0.1482
vn -0.1961 -0.9772 0.0812
vn -0.2082 0.9772 0.0414
vn -0.3798 0.9220 0.0756
vn -0.5483 0.8291 0.1091
vn -0.6965 0.7041 0.1385
vn -0.8176 0.5524 0.1626
vn -0.9072 0.3801 0.1805
vn -0.9622 0.1936 0.1914
vn -0.9808 -0.0000 0.1951
vn -0.9622 -0.1936 0.1914
vn -0.9072 -0.3801 0.1805
vn -0.8176 -0.5524 0.1626
vn -0.6965 -0.7041 0.1385
vn -0.5483 -0.8291 0.1091
vn -0.3798 -0.9220 0.0755
vn -0.2081 -0.9772 0.0414
vn -0.2122 0.9772 -0.0000
vn -0.3873 0.9220 -0.0000
vn -0.5591 0.8291 -0.0000
vn -0.7101 0.7041 -0.0000
vn -0.8336 0.5524 -0.0000
vn -0.9250 0.3801 -0.0000
vn -0.9811 0.1936 -0.0000
vn -1.0000 -0.0000 -0.0000
vn -0.9811 -0.1936 -0.0000
vn -0.9250 -0.3801 -0.0000
vn -0.8336 -0.5524 -0.0000
vn -0.7101 -0.7041 -0.0000
vn -0.5591 -0.8291 -0.0000
vn -0.3873 -0.9220 -0.0000
vn -0.2122 -0.9772 -0.0000
vn -0.2082 0.9772 -0.0414
vn -0.3798 0.9220 -0.0756
vn -0.5483 0.8291 -0.1091
vn -0.6965 0.7041 -0.1385
vn -0.8176 0.5524 -0.1626
vn -0.9072 0.3801 -0.1805
vn -0.9622 0.1936 -0.1914
vn -0.9808 -0.0000 -0.1951
vn -0.9622 -0.1936 -0.1914
vn -0.9072 -0.3801 -0.1805
vn -0.8176 -0.5524 -0.1626
vn -0.6965 -0.7041 -0.1385
vn -0.5483 -0.8291 -0.1091
vn -0.3798 -0.9220 -0.0755
vn -0.2081 -0.9772 -0.0414
vn -0.1961 0.9772 -0.0812
vn -0.3578 0.9220 -0.1482
vn -0.5165 0.8291 -0.2140
vn -0.6561 0.7041 -0.2718
vn -0.7701 0.5524 -0.3190
vn -0.8546 0.3801 -0.3540
vn -0.9064 0.1936 -0.3754
vn -0.9239 -0.0000 -0.3827
vn -0.9064 -0.1936 -0.3754
vn -0.8546 -0.3801 -0.3540
vn -0.7701 -0.5524 -0.3190
vn -0.6561 -0.7041 -0.2718
vn -0.5165 -0.8291 -0.2140
vn -0.3578 -0.9220 -0.1482
vn -0.1961 -0.9772 -0.0812
vn -0.1765 0.9772 -0.1179
vn -0.3220 0.9220 -0.2151
vn -0.4649 0.8291 -0.3106
vn -0.5904 0.7041 -0.3945
vn -0.6931 0.5524 -0.4631
vn -0.7691 0.3801 -0.5139
vn -0.8157 0.1936 -0.5451
vn -0.8315 -0.0000 -0.5556
vn -0.8157 -0.1936 -0.5451
vn -0.7691 -0.3801 -0.5139
vn -0.6931 -0.5524 -0.4631
vn -0.5904 -0.7041 -0.3945
vn -0.4649 -0.8291 -0.3106
vn -0.3220 -0.9220 -0.2151
vn -0.1765 -0.9772 -0.1179
vn -0.1501 0.9772 -0.1501
vn -0.2738 0.9220 -0.2738
vn -0.3953 0.8291 -0.3953
vn -0.5021 0.7041 -0.5021
vn -0.5894 0.5524 -0.5894
vn -0.6540 0.3801 -0.6540
vn -0.6937 0.1936 -0.6937
vn -0.7071 -0.0000 -0.7071
vn -0.6937 -0.1936 -0.6937
vn -0.6540 -0.3801 -0.6540
vn -0.5894 -0.5524 -0.5894
vn -0.5021 -0.7041 -0.5021
vn -0.3953 -0.8291 -0.3953
vn -0.2738 -0.9220 -0.2738
vn -0.1501 -0.9772 -0.1501
vn -0.1179 0.9772 -0.1765
vn -0.2151 0.9220 -0.3220
vn -0.3106 0.8291 -0.4649
vn -0.3945 0.7041 -0.5904
vn -0.4631 0.5524 -0.6931
vn -0.5139 0.3801 -0.7691
vn -0.5451 0.1936 -0.8157
vn -0.5556 -0.0000 -0.8315
vn -0.5451 -0.1936 -0.8157
vn -0.5139 -0.3801 -0.7691
vn -0.4631 -0.5524 -0.6931
vn -0.3945 -0.7041 -0.5904
vn -0.3106 -0.8291 -0.4649
vn -0.2151 -0.9220 -0.3220
vn -0.1179 -0.9772 -0.1765
vn -0.0812 0.9772 -0.1961
vn -0.1482 0.9220 -0.3578
vn -0.2140 0.8291 -0.5165
vn -0.2718 0.7041 -0.6561
vn -0.3190 0.5524 -0.7701
vn -0.3540 0.3801 -0.8546
vn -0.3754 0.1936 -0.9064
vn -0.3827 -0.0000 -0.9239
vn -0.3754 -0.1936 -0.9064
vn -0.3540 -0.3801 -0.8546
vn -0.3190 -0.5524 -0.7701
vn -0.2718 -0.7041 -0.6561
vn -0.2140 -0.8291 -0.5165
vn -0.1482 -0.9220 -0.3578
vn -0.0812 -0.9772 -0.1961
vn -0.0414 0.9772 -0.2081
vn -0.0756 0.9220 -0.3798
vn -0.1091 0.8291 -0.5483
vn -0.1385 0.7041 -0.6965
vn -0.1626 0.5524 -0.8176
vn -0.1805 0.3801 -0.9072
vn -0.1914 0.1936 -0.9622
vn -0.1951 -0.0000 -0.9808
vn -0.1914 -0.1936 -0.9622
vn -0.1805 -0.3801 -0.9072
vn -0.1626 -0.5524 -0.8176
vn -0.1385 -0.7041 -0.6965
vn -0.1091 -0.8291 -0.5483
vn -0.0756 -0.9220 -0.3798
vn -0.0414 -0.9772 -0.2081
vn -0.0000 0.9772 -0.2122
vn -0.0000 0.9220 -0.3873
vn -0.0000 0.7041 -0.7101
vn -0.0000 0.3801 -0.9250
vn -0.0000 -0.3801 -0.9250
vn -0.0000 -0.7041 -0.7101
vn -0.0000 -0.8291 -0.5591
vn -0.0000 -0.9220 -0.3873
vn -0.0000 -0.9772 -0.2122
vn -0.0000 0.0973 -0.9953
vn -0.0000 -0.0973 -0.9953
vn 0.0585 0.9539 -0.2942
vn 0.0927 0.8800 -0.4658
vn 0.1244 0.7703 -0.6255
vn 0.1513 0.6312 -0.7607
vn 0.1724 0.4684 -0.8665
vn 0.1868 0.2882 -0.9392
vn 0.1942 0.0973 -0.9761
vn 0.1942 -0.0973 -0.9761
vn 0.1868 -0.2882 -0.9392
vn 0.1724 -0.4684 -0.8665
vn 0.1513 -0.6312 -0.7607
vn 0.1244 -0.7703 -0.6255
vn 0.0927 -0.8800 -0.4658
vn 0.0585 -0.9539 -0.2942
vn 0.0817 0.5524 -0.8296
vn 0.0962 0.1936 -0.9764
vn 0.0980 -0.0000 -0.9952
vn 0.0962 -0.1936 -0.9764
vn 0.0548 0.8291 -0.5564
vn 0.0817 -0.5524 -0.8296
vn 0.1148 0.9539 -0.2772
vn 0.1817 0.8800 -0.4388
vn 0.2440 0.7703 -0.5892
vn 0.2968 0.6312 -0.7166
vn 0.3381 0.4684 -0.8163
vn 0.3664 0.2882 -0.8847
vn 0.3809 0.0973 -0.9195
vn 0.3809 -0.0973 -0.9195
vn 0.3665 -0.2882 -0.8847
vn 0.3381 -0.4684 -0.8163
vn 0.2968 -0.6312 -0.7166
vn 0.2440 -0.7703 -0.5892
vn 0.1817 -0.8800 -0.4388
vn 0.1148 -0.9539 -0.2772
vn 0.2061 0.7041 -0.6795
vn 0.1623 0.8291 -0.5350
vn 0.2061 -0.7041 -0.6795
vn 0.2420 -0.5524 -0.7977
vn 0.2420 0.5524 -0.7977
vn 0.1623 -0.8291 -0.5350
vn 0.2685 0.3801 -0.8851
vn 0.1124 -0.9220 -0.3705
vn 0.2848 0.1936 -0.9388
vn 0.0625 -0.9765 -0.2062
vn 0.2903 -0.0000 -0.9569
vn 0.0625 0.9765 -0.2062
vn 0.2848 -0.1936 -0.9388
vn 0.1124 0.9220 -0.3705
vn 0.2685 -0.3801 -0.8851
vn 0.1667 0.9539 -0.2494
vn 0.2639 0.8800 -0.3949
vn 0.3543 0.7703 -0.5302
vn 0.4309 0.6312 -0.6449
vn 0.4908 0.4684 -0.7346
vn 0.5320 0.2882 -0.7962
vn 0.5529 0.0973 -0.8275
vn 0.5529 -0.0973 -0.8275
vn 0.5320 -0.2882 -0.7962
vn 0.4908 -0.4684 -0.7346
vn 0.4309 -0.6312 -0.6449
vn 0.3543 -0.7703 -0.5302
vn 0.2639 -0.8800 -0.3949
vn 0.1667 -0.9539 -0.2494
vn 0.4714 -0.0000 -0.8819
vn 0.4625 0.1936 -0.8652
vn 0.1016 0.9765 -0.1900
vn 0.1016 -0.9765 -0.1900
vn 0.4625 -0.1936 -0.8652
vn 0.1825 0.9220 -0.3415
vn 0.4360 -0.3801 -0.8157
vn 0.2636 0.8291 -0.4931
vn 0.3929 -0.5524 -0.7351
vn 0.3348 0.7041 -0.6263
vn 0.3348 -0.7041 -0.6263
vn 0.3929 0.5524 -0.7351
vn 0.2636 -0.8291 -0.4931
vn 0.4360 0.3801 -0.8157
vn 0.1825 -0.9220 -0.3415
vn 0.2121 0.9539 -0.2121
vn 0.3358 0.8800 -0.3358
vn 0.4509 0.7703 -0.4509
vn 0.5484 0.6312 -0.5484
vn 0.6247 0.4684 -0.6247
vn 0.6771 0.2882 -0.6771
vn 0.7038 0.0973 -0.7038
vn 0.7038 -0.0973 -0.7038
vn 0.6771 -0.2882 -0.6771
vn 0.6247 -0.4684 -0.6247
vn 0.5484 -0.6312 -0.5484
vn 0.4509 -0.7703 -0.4509
vn 0.3358 -0.8800 -0.3358
vn 0.2121 -0.9539 -0.2121
vn 0.4505 -0.7041 -0.5489
vn 0.5288 -0.5524 -0.6444
vn 0.5288 0.5524 -0.6444
vn 0.4505 0.7041 -0.5489
vn 0.3547 -0.8291 -0.4322
vn 0.5868 0.3801 -0.7150
vn 0.2457 -0.9220 -0.2993
vn 0.6224 0.1936 -0.7584
vn 0.1367 -0.9765 -0.1665
vn 0.6344 -0.0000 -0.7730
vn 0.1367 0.9765 -0.1665
vn 0.6224 -0.1936 -0.7584
vn 0.2457 0.9220 -0.2993
vn 0.5868 -0.3801 -0.7150
vn 0.3547 0.8291 -0.4322
vn 0.2494 0.9539 -0.1667
vn 0.3949 0.8800 -0.2639
vn 0.5302 0.7703 -0.3543
vn 0.6449 0.6312 -0.4309
vn 0.7346 0.4684 -0.4908
vn 0.7962 0.2882 -0.5320
vn 0.8275 0.0973 -0.5529
vn 0.8275 -0.0973 -0.5529
vn 0.7962 -0.2882 -0.5320
vn 0.7346 -0.4684 -0.4908
vn 0.6449 -0.6312 -0.4309
vn 0.5302 -0.7703 -0.3543
vn 0.3949 -0.8800 -0.2639
vn 0.2494 -0.9539 -0.1667
vn 0.1665 -0.9765 -0.1367
vn 0.7584 -0.1936 -0.6224
vn 0.7730 -0.0000 -0.6344
vn 0.2993 0.9220 -0.2457
vn 0.1665 0.9765 -0.1367
vn 0.7150 -0.3801 -0.5868
vn 0.4322 0.8291 -0.3547
vn 0.6444 -0.5524 -0.5288
vn 0.5489 0.7041 -0.4505
vn 0.5489 -0.7041 -0.4505
vn 0.6444 0.5524 -0.5288
vn 0.4322 -0.8291 -0.3547
vn 0.7150 0.3801 -0.5868
vn 0.2993 -0.9220 -0.2457
vn 0.7584 0.1936 -0.6224
vn 0.2772 0.9539 -0.1148
vn 0.4388 0.8800 -0.1817
vn 0.5892 0.7703 -0.2440
vn 0.7166 0.6312 -0.2968
vn 0.8163 0.4684 -0.3381
vn 0.8847 0.2882 -0.3665
vn 0.9195 0.0973 -0.3809
vn 0.9195 -0.0973 -0.3809
vn 0.8847 -0.2882 -0.3665
vn 0.8163 -0.4684 -0.3381
vn 0.7166 -0.6312 -0.2968
vn 0.5892 -0.7703 -0.2440
vn 0.4388 -0.8800 -0.1817
vn 0.2772 -0.9539 -0.1148
vn 0.4931 -0.8291 -0.2636
vn 0.6263 -0.7041 -0.3348
vn 0.8157 0.3801 -0.4360
vn 0.7351 0.5524 -0.3929
vn 0.3415 -0.9220 -0.1825
vn 0.8652 0.1936 -0.4625
vn 0.1900 -0.9765 -0.1016
vn 0.8819 -0.0000 -0.4714
vn 0.1900 0.9765 -0.1016
vn 0.8652 -0.1936 -0.4625
vn 0.3415 0.9220 -0.1825
vn 0.8157 -0.3801 -0.4360
vn 0.4931 0.8291 -0.2636
vn 0.7351 -0.5524 -0.3929
vn 0.6263 0.7041 -0.3348
vn 0.2942 0.9539 -0.0585
vn 0.4658 0.8800 -0.0927
vn 0.6255 0.7703 -0.1244
vn 0.7607 0.6312 -0.1513
vn 0.8665 0.4684 -0.1724
vn 0.9392 0.2882 -0.1868
vn 0.9761 0.0973 -0.1942
vn 0.9761 -0.0973 -0.1942
vn 0.9392 -0.2882 -0.1868
vn 0.8665 -0.4684 -0.1724
vn 0.7607 -0.6312 -0.1513
vn 0.6255 -0.7703 -0.1244
vn 0.4658 -0.8800 -0.0927
vn 0.2942 -0.9539 -0.0585
vn 0.3705 0.9220 -0.1124
vn 0.2062 0.9765 -0.0625
vn 0.8851 -0.3801 -0.2685
vn 0.9388 -0.1936 -0.2848
vn 0.5350 0.8291 -0.1623
vn 0.7977 -0.5524 -0.2420
vn 0.6795 0.7041 -0.2061
vn 0.6795 -0.7041 -0.2061
vn 0.7977 0.5524 -0.2420
vn 0.5350 -0.8291 -0.1623
vn 0.8851 0.3801 -0.2685
vn 0.3705 -0.9220 -0.1124
vn 0.9388 0.1936 -0.2848
vn 0.2062 -0.9765 -0.0625
vn 0.9569 -0.0000 -0.2903
vn 0.3000 0.9539 -0.0000
vn 0.4749 0.8800 -0.0000
vn 0.6377 0.7703 -0.0000
vn 0.7756 0.6312 -0.0000
vn 0.8835 0.4684 -0.0000
vn 0.9576 0.2882 -0.0000
vn 0.9953 0.0973 -0.0000
vn 0.9953 -0.0973 -0.0000
vn 0.9576 -0.2882 -0.0000
vn 0.8835 -0.4684 -0.0000
vn 0.7756 -0.6312 -0.0000
vn 0.6377 -0.7703 -0.0000
vn 0.4749 -0.8800 -0.0000
vn 0.3000 -0.9539 -0.0000
vn 0.9205 0.3801 -0.0907
vn 0.8296 0.5524 -0.0817
vn 0.3854 -0.9220 -0.0380
vn 0.5564 -0.8291 -0.0548
vn 0.9764 0.1936 -0.0962
vn 0.2144 -0.9765 -0.0211
vn 0.9952 -0.0000 -0.0980
vn 0.2144 0.9765 -0.0211
vn 0.9764 -0.1936 -0.0962
vn 0.3854 0.9220 -0.0380
vn 0.9205 -0.3801 -0.0907
vn 0.5564 0.8291 -0.0548
vn 0.8296 -0.5524 -0.0817
vn 0.7067 0.7041 -0.0696
vn 0.7067 -0.7041 -0.0696
vn 0.2942 0.9539 0.0585
vn 0.4658 0.8800 0.0927
vn 0.6255 0.7703 0.1244
vn 0.7607 0.6312 0.1513
vn 0.8665 0.4684 0.1724
vn 0.9392 0.2882 0.1868
vn 0.9761 0.0973 0.1942
vn 0.9761 -0.0973 0.1942
vn 0.9392 -0.2882 0.1868
vn 0.8665 -0.4684 0.1724
vn 0.7607 -0.6312 0.1513
vn 0.6255 -0.7703 0.1244
vn 0.4658 -0.8800 0.0927
vn 0.2942 -0.9539 0.0585
vn 0.9205 -0.3801 0.0907
vn 0.9764 -0.1936 0.0962
vn 0.5564 0.8291 0.0548
vn 0.3854 0.9220 0.0380
vn 0.8296 -0.5524 0.0817
vn 0.7067 0.7041 0.0696
vn 0.7067 -0.7041 0.0696
vn 0.8296 0.5524 0.0817
vn 0.5564 -0.8291 0.0548
vn 0.9205 0.3801 0.0907
vn 0.3854 -0.9220 0.0380
vn 0.9764 0.1936 0.0962
vn 0.2144 -0.9765 0.0211
vn 0.9952 -0.0000 0.0980
vn 0.2144 0.9765 0.0211
vn 0.2772 0.9539 0.1148
vn 0.4388 0.8800 0.1817
vn 0.5892 0.7703 0.2440
vn 0.7166 0.6312 0.2968
vn 0.8163 0.4684 0.3381
vn 0.8847 0.2882 0.3665
vn 0.9195 0.0973 0.3809
vn 0.9195 -0.0973 0.3809
vn 0.8847 -0.2882 0.3665
vn 0.8163 -0.4684 0.3381
vn 0.7166 -0.6312 0.2968
vn 0.5892 -0.7703 0.2440
vn 0.4388 -0.8800 0.1817
vn 0.2772 -0.9539 0.1148
vn 0.3705 -0.9220 0.1124
vn 0.5350 -0.8291 0.1623
vn 0.9388 0.1936 0.2848
vn 0.8851 0.3801 0.2685
vn 0.2062 -0.9765 0.0625
vn 0.9569 -0.0000 0.2903
vn 0.2062 0.9765 0.0625
vn 0.9388 -0.1936 0.2848
vn 0.3705 0.9220 0.1124
vn 0.8851 -0.3801 0.2685
vn 0.5350 0.8291 0.1623
vn 0.7977 -0.5524 0.2420
vn 0.6795 0.7041 0.2061
vn 0.6795 -0.7041 0.2061
vn 0.7977 0.5524 0.2420
vn 0.2494 0.9539 0.1667
vn 0.3949 0.8800 0.2639
vn 0.5302 0.7703 0.3543
vn 0.6449 0.6312 0.4309
vn 0.7346 0.4684 0.4908
vn 0.7962 0.2882 0.5320
vn 0.8275 0.0973 0.5529
vn 0.8275 -0.0973 0.5529
vn 0.7962 -0.2882 0.5320
vn 0.7346 -0.4684 0.4908
vn 0.6449 -0.6312 0.4309
vn 0.5302 -0.7703 0.3543
vn 0.3949 -0.8800 0.2639
vn 0.2494 -0.9539 0.1667
vn 0.4931 0.8291 0.2636
vn 0.3415 0.9220 0.1825
vn 0.7351 -0.5524 0.3929
vn 0.8157 -0.3801 0.4360
vn 0.6263 0.7041 0.3348
vn 0.6263 -0.7041 0.3348
vn 0.7351 0.5524 0.3929
vn 0.4931 -0.8291 0.2636
vn 0.8157 0.3801 0.4360
vn 0.3415 -0.9220 0.1825
vn 0.8652 0.1936 0.4625
vn 0.1900 -0.9765 0.1016
vn 0.8819 -0.0000 0.4714
vn 0.1900 0.9765 0.1016
vn 0.8652 -0.1936 0.4625
vn 0.2121 0.9539 0.2121
vn 0.3358 0.8800 0.3358
vn 0.4509 0.7703 0.4509
vn 0.5484 0.6312 0.5484
vn 0.6247 0.4684 0.6247
vn 0.6771 0.2882 0.6771
vn 0.7038 0.0973 0.7038
vn 0.7038 -0.0973 0.7038
vn 0.6771 -0.2882 0.6771
vn 0.6247 -0.4684 0.6247
vn 0.5484 -0.6312 0.5484
vn 0.4509 -0.7703 0.4509
vn 0.3358 -0.8800 0.3358
vn 0.2121 -0.9539 0.2121
vn 0.7584 0.1936 0.6224
vn 0.7150 0.3801 0.5868
vn 0.1665 -0.9765 0.1367
vn 0.2993 -0.9220 0.2457
vn 0.7730 -0.0000 0.6344
vn 0.1665 0.9765 0.1367
vn 0.7584 -0.1936 0.6224
vn 0.2993 0.9220 0.2457
vn 0.7150 -0.3801 0.5868
vn 0.4322 0.8291 0.3547
vn 0.6444 -0.5524 0.5288
vn 0.5489 0.7041 0.4505
vn 0.5489 -0.7041 0.4505
vn 0.6444 0.5524 0.5288
vn 0.4322 -0.8291 0.3547
vn 0.1667 0.9539 0.2494
vn 0.2639 0.8800 0.3949
vn 0.3543 0.7703 0.5302
vn 0.4309 0.6312 0.6449
vn 0.4908 0.4684 0.7346
vn 0.5320 0.2882 0.7962
vn 0.5529 0.0973 0.8275
vn 0.5529 -0.0973 0.8275
vn 0.5320 -0.2882 0.7962
vn 0.4908 -0.4684 0.7346
vn 0.4309 -0.6312 0.6449
vn 0.3543 -0.7703 0.5302
vn 0.2639 -0.8800 0.3949
vn 0.1667 -0.9539 0.2494
vn 0.5288 -0.5524 0.6444
vn 0.5868 -0.3801 0.7150
vn 0.4505 0.7041 0.5489
vn 0.3547 0.8291 0.4322
vn 0.4505 -0.7041 0.5489
vn 0.5288 0.5524 0.6444
vn 0.3547 -0.8291 0.4322
vn 0.5868 0.3801 0.7150
vn 0.2457 -0.9220 0.2993
vn 0.6224 0.1936 0.7584
vn 0.1367 -0.9765 0.1665
vn 0.6344 -0.0000 0.7730
vn 0.1367 0.9765 0.1665
vn 0.6224 -0.1936 0.7584
vn 0.2456 0.9220 0.2993
vn 0.1148 0.9539 0.2772
vn 0.1817 0.8800 0.4388
vn 0.2440 0.7703 0.5892
vn 0.2968 0.6312 0.7166
vn 0.3381 0.4684 0.8163
vn 0.3664 0.2882 0.8847
vn 0.3809 0.0973 0.9195
vn 0.3809 -0.0973 0.9195
vn 0.3664 -0.2882 0.8847
vn 0.3381 -0.4684 0.8163
vn 0.2968 -0.6312 0.7166
vn 0.2440 -0.7703 0.5892
vn 0.1817 -0.8800 0.4388
vn 0.1148 -0.9539 0.2772
vn 0.1016 -0.9765 0.1900
vn 0.1825 -0.9220 0.3415
vn 0.4714 -0.0000 0.8819
vn 0.4625 0.1936 0.8652
vn 0.1016 0.9765 0.1900
vn 0.4625 -0.1936 0.8652
vn 0.1825 0.9220 0.3415
vn 0.4360 -0.3801 0.8157
vn 0.2636 0.8291 0.4931
vn 0.3929 -0.5524 0.7351
vn 0.3348 0.7041 0.6263
vn 0.3348 -0.7041 0.6263
vn 0.3929 0.5524 0.7351
vn 0.2636 -0.8291 0.4931
vn 0.4360 0.3801 0.8157
vn 0.0585 0.9539 0.2942
vn 0.0927 0.8800 0.4658
vn 0.1244 0.7703 0.6255
vn 0.1513 0.6312 0.7607
vn 0.1724 0.4684 0.8665
vn 0.1868 0.2882 0.9392
vn 0.1942 0.0973 0.9761
vn 0.1942 -0.0973 0.9761
vn 0.1868 -0.2882 0.9392
vn 0.1724 -0.4684 0.8665
vn 0.1513 -0.6312 0.7607
vn 0.1244 -0.7703 0.6255
vn 0.0927 -0.8800 0.4658
vn 0.0585 -0.9539 0.2942
vn 0.2061 -0.7041 0.6795
vn 0.2420 -0.5524 0.7977
vn 0.2420 0.5524 0.7977
vn 0.2061 0.7041 0.6795
vn 0.1623 -0.8291 0.5350
vn 0.2685 0.3801 0.8851
vn 0.1124 -0.9220 0.3705
vn 0.2848 0.1936 0.9388
vn 0.0625 -0.9765 0.2062
vn 0.2903 -0.0000 0.9569
vn 0.0625 0.9765 0.2062
vn 0.2848 -0.1936 0.9388
vn 0.1124 0.9220 0.3705
vn 0.2685 -0.3801 0.8851
vn 0.1623 0.8291 0.5350
vn -0.0000 0.9539 0.3000
vn -0.0000 0.8800 0.4749
vn -0.0000 0.7703 0.6377
vn -0.0000 0.6312 0.7756
vn -0.0000 0.4684 0.8835
vn -0.0000 0.2882 0.9576
vn -0.0000 0.0973 0.9953
vn -0.0000 -0.0973 0.9953
vn -0.0000 -0.2882 0.9576
vn -0.0000 -0.4684 0.8835
vn -0.0000 -0.6312 0.7756
vn -0.0000 -0.7703 0.6377
vn -0.0000 -0.8800 0.4749
vn -0.0000 -0.9539 0.3000
vn 0.0211 0.9765 0.2144
vn 0.0211 -0.9765 0.2144
vn 0.0962 -0.1936 0.9764
vn 0.0980 -0.0000 0.9952
vn 0.0380 0.9220 0.3854
vn 0.0907 -0.3801 0.9205
vn 0.0548 0.8291 0.5564
vn 0.0817 -0.5524 0.8296
vn 0.0696 0.7041 0.7067
vn 0.0696 -0.7041 0.7067
vn 0.0817 0.5524 0.8296
vn 0.0548 -0.8291 0.5564
vn 0.0907 0.3801 0.9205
vn 0.0380 -0.9220 0.3854
vn 0.0962 0.1936 0.9764
vn -0.0585 0.9539 0.2942
vn -0.0927 0.8800 0.4658
vn -0.1244 0.7703 0.6255
vn -0.1513 0.6312 0.7607
vn -0.1724 0.4684 0.8665
vn -0.1868 0.2882 0.9392
vn -0.1942 0.0973 0.9761
vn -0.1942 -0.0973 0.9761
vn -0.1868 -0.2882 0.9392
vn -0.1724 -0.4684 0.8665
vn -0.1513 -0.6312 0.7607
vn -0.1244 -0.7703 0.6255
vn -0.0927 -0.8800 0.4658
vn -0.0585 -0.9539 0.2942
vn -0.0817 0.5524 0.8296
vn -0.0696 0.7041 0.7067
vn -0.0548 -0.8291 0.5564
vn -0.0696 -0.7041 0.7067
vn -0.0907 0.3801 0.9205
vn -0.0380 -0.9220 0.3854
vn -0.0962 0.1936 0.9764
vn -0.0211 -0.9765 0.2144
vn -0.0980 -0.0000 0.9952
vn -0.0211 0.9765 0.2144
vn -0.0962 -0.1936 0.9764
vn -0.0380 0.9220 0.3854
vn -0.0907 -0.3801 0.9205
vn -0.0548 0.8291 0.5564
vn -0.0817 -0.5524 0.8296
vn -0.1148 0.9539 0.2772
vn -0.1818 0.8800 0.4388
vn -0.2440 0.7703 0.5892
vn -0.2968 0.6312 0.7166
vn -0.3381 0.4684 0.8163
vn -0.3665 0.2882 0.8847
vn -0.3809 0.0972 0.9195
vn -0.3809 -0.0972 0.9195
vn -0.3664 -0.2882 0.8847
vn -0.3381 -0.4684 0.8163
vn -0.2968 -0.6312 0.7166
vn -0.2440 -0.7703 0.5892
vn -0.1817 -0.8800 0.4388
vn -0.1148 -0.9539 0.2772
vn -0.2848 -0.1936 0.9388
vn -0.2903 -0.0000 0.9569
vn -0.1124 0.9220 0.3705
vn -0.0625 0.9765 0.2062
vn -0.2685 -0.3801 0.8851
vn -0.1623 0.8291 0.5350
vn -0.2420 -0.5524 0.7977
vn -0.2061 0.7041 0.6795
vn -0.2061 -0.7041 0.6795
vn -0.2420 0.5524 0.7977
vn -0.1623 -0.8291 0.5350
vn -0.2685 0.3801 0.8851
vn -0.1124 -0.9220 0.3705
vn -0.2848 0.1936 0.9388
vn -0.0625 -0.9765 0.2062
vn -0.1667 0.9539 0.2494
vn -0.2639 0.8800 0.3949
vn -0.3543 0.7703 0.5302
vn -0.4309 0.6312 0.6449
vn -0.4908 0.4684 0.7346
vn -0.5320 0.2882 0.7962
vn -0.5529 0.0972 0.8275
vn -0.5529 -0.0973 0.8275
vn -0.5320 -0.2882 0.7962
vn -0.4908 -0.4684 0.7346
vn -0.4309 -0.6312 0.6449
vn -0.3543 -0.7703 0.5302
vn -0.2639 -0.8800 0.3949
vn -0.1667 -0.9539 0.2494
vn -0.2636 -0.8291 0.4931
vn -0.3348 -0.7041 0.6263
vn -0.4360 0.3801 0.8157
vn -0.3929 0.5524 0.7351
vn -0.1825 -0.9220 0.3415
vn -0.4625 0.1936 0.8652
vn -0.1016 -0.9765 0.1900
vn -0.4714 -0.0000 0.8819
vn -0.1016 0.9765 0.1900
vn -0.4625 -0.1936 0.8652
vn -0.1825 0.9220 0.3415
vn -0.4360 -0.3801 0.8157
vn -0.2636 0.8291 0.4931
vn -0.3929 -0.5524 0.7351
vn -0.3348 0.7041 0.6263
vn -0.2121 0.9539 0.2121
vn -0.3358 0.8800 0.3358
vn -0.4509 0.7703 0.4509
vn -0.5484 0.6312 0.5484
vn -0.6247 0.4684 0.6247
vn -0.6771 0.2882 0.6771
vn -0.7038 0.0972 0.7038
vn -0.7038 -0.0972 0.7038
vn -0.6771 -0.2882 0.6771
vn -0.6247 -0.4684 0.6247
vn -0.5484 -0.6312 0.5484
vn -0.4509 -0.7703 0.4509
vn -0.3358 -0.8800 0.3358
vn -0.2121 -0.9539 0.2121
vn -0.2457 0.9220 0.2993
vn -0.1367 0.9765 0.1665
vn -0.5868 -0.3801 0.7150
vn -0.6224 -0.1936 0.7584
vn -0.3547 0.8291 0.4322
vn -0.5288 -0.5524 0.6444
vn -0.4505 0.7041 0.5489
vn -0.4505 -0.7041 0.5489
vn -0.5288 0.5524 0.6444
vn -0.3547 -0.8291 0.4322
vn -0.5868 0.3801 0.7150
vn -0.2457 -0.9220 0.2993
vn -0.6224 0.1936 0.7584
vn -0.1367 -0.9765 0.1665
vn -0.6344 -0.0000 0.7730
vn -0.2494 0.9539 0.1667
vn -0.3949 0.8800 0.2639
vn -0.5302 0.7703 0.3543
vn -0.6449 0.6312 0.4309
vn -0.7346 0.4684 0.4908
vn -0.7962 0.2882 0.5320
vn -0.8275 0.0972 0.5529
vn -0.8275 -0.0972 0.5529
vn -0.7962 -0.2882 0.5320
vn -0.7346 -0.4684 0.4908
vn -0.6449 -0.6312 0.4309
vn -0.5302 -0.7703 0.3543
vn -0.3949 -0.8800 0.2639
vn -0.2494 -0.9539 0.1667
vn -0.7150 0.3801 0.5868
vn -0.6444 0.5524 0.5288
vn -0.2993 -0.9220 0.2457
vn -0.4322 -0.8291 0.3547
vn -0.7584 0.1936 0.6224
vn -0.1665 -0.9765 0.1367
vn -0.7730 -0.0000 0.6344
vn -0.1665 0.9765 0.1367
vn -0.7584 -0.1936 0.6224
vn -0.2993 0.9220 0.2457
vn -0.7150 -0.3801 0.5868
vn -0.4322 0.8291 0.3547
vn -0.6444 -0.5524 0.5288
vn -0.5489 0.7041 0.4505
vn -0.5489 -0.7041 0.4505
vn -0.2772 0.9539 0.1148
vn -0.4388 0.8800 0.1817
vn -0.5892 0.7703 0.2440
vn -0.7166 0.6312 0.2968
vn -0.8163 0.4684 0.3381
vn -0.8847 0.2882 0.3665
vn -0.9195 0.0972 0.3809
vn -0.9195 -0.0972 0.3809
vn -0.8847 -0.2882 0.3665
vn -0.8163 -0.4684 0.3381
vn -0.7166 -0.6312 0.2968
vn -0.5892 -0.7703 0.2440
vn -0.4388 -0.8800 0.1817
vn -0.2772 -0.9539 0.1148
vn -0.8157 -0.3801 0.4360
vn -0.8652 -0.1936 0.4625
vn -0.4931 0.8291 0.2636
vn -0.3415 0.9220 0.1825
vn -0.7351 -0.5524 0.3929
vn -0.6263 0.7041 0.3348
vn -0.6263 -0.7041 0.3348
vn -0.7351 0.5524 0.3929
vn -0.4931 -0.8291 0.2636
vn -0.8157 0.3801 0.4360
vn -0.3415 -0.9220 0.1825
vn -0.8652 0.1936 0.4625
vn -0.1900 -0.9765 0.1016
vn -0.8819 -0.0000 0.4714
vn -0.1900 0.9765 0.1016
vn -0.2942 0.9539 0.0585
vn -0.4658 0.8800 0.0927
vn -0.6255 0.7703 0.1244
vn -0.7607 0.6312 0.1513
vn -0.8665 0.4684 0.1724
vn -0.9392 0.2882 0.1868
vn -0.9761 0.0972 0.1942
vn -0.9761 -0.0972 0.1942
vn -0.9392 -0.2882 0.1868
vn -0.8665 -0.4684 0.1724
vn -0.7607 -0.6312 0.1513
vn -0.6255 -0.7703 0.1244
vn -0.4658 -0.8800 0.0927
vn -0.2942 -0.9539 0.0585
vn -0.3705 -0.9220 0.1124
vn -0.5350 -0.8291 0.1623
vn -0.9388 0.1936 0.2848
vn -0.8851 0.3801 0.2685
vn -0.2062 -0.9765 0.0625
vn -0.9569 -0.0000 0.2903
vn -0.2062 0.9765 0.0625
vn -0.9388 -0.1936 0.2848
vn -0.3705 0.9220 0.1124
vn -0.8851 -0.3801 0.2685
vn -0.5350 0.8291 0.1623
vn -0.7977 -0.5524 0.2420
vn -0.6795 0.7041 0.2061
vn -0.6795 -0.7041 0.2061
vn -0.7977 0.5524 0.2420
vn -0.3000 0.9539 -0.0000
vn -0.4749 0.8800 -0.0000
vn -0.6377 0.7703 -0.0000
vn -0.7756 0.6312 -0.0000
vn -0.8835 0.4684 -0.0000
vn -0.9576 0.2882 -0.0000
vn -0.9953 0.0972 -0.0000
vn -0.9953 -0.0972 -0.0000
vn -0.9576 -0.2882 -0.0000
vn -0.8835 -0.4684 -0.0000
vn -0.7756 -0.6312 -0.0000
vn -0.6377 -0.7703 -0.0000
vn -0.4749 -0.8800 -0.0000
vn -0.3000 -0.9539 -0.0000
vn -0.8296 -0.5524 0.0817
vn -0.9205 -0.3801 0.0907
vn -0.7067 0.7041 0.0696
vn -0.5564 0.8291 0.0548
vn -0.7067 -0.7041 0.0696
vn -0.8296 0.5524 0.0817
vn -0.5564 -0.8291 0.0548
vn -0.9205 0.3801 0.0907
vn -0.3854 -0.9220 0.0380
vn -0.9764 0.1936 0.0962
vn -0.2144 -0.9765 0.0211
vn -0.9952 -0.0000 0.0980
vn -0.2144 0.9765 0.0211
vn -0.9764 -0.1936 0.0962
vn -0.3854 0.9220 0.0380
vn -0.2942 0.9539 -0.0585
vn -0.4658 0.8800 -0.0927
vn -0.6255 0.7703 -0.1244
vn -0.7607 0.6312 -0.1513
vn -0.8665 0.4684 -0.1724
vn -0.9392 0.2882 -0.1868
vn -0.9761 0.0972 -0.1942
vn -0.9761 -0.0973 -0.1942
vn -0.9392 -0.2882 -0.1868
vn -0.8665 -0.4684 -0.1724
vn -0.7607 -0.6312 -0.1513
vn -0.6255 -0.7703 -0.1244
vn -0.4658 -0.8800 -0.0927
vn -0.2942 -0.9539 -0.0585
vn -0.2144 -0.9765 -0.0211
vn -0.3854 -0.9220 -0.0380
vn -0.9952 -0.0000 -0.0980
vn -0.9764 0.1936 -0.0962
vn -0.2144 0.9765 -0.0211
vn -0.9764 -0.1936 -0.0962
vn -0.3854 0.9220 -0.0380
vn -0.9205 -0.3801 -0.0907
vn -0.5564 0.8291 -0.0548
vn -0.8296 -0.5524 -0.0817
vn -0.7067 0.7041 -0.0696
vn -0.7067 -0.7041 -0.0696
vn -0.8296 0.5524 -0.0817
vn -0.5564 -0.8291 -0.0548
vn -0.9205 0.3801 -0.0907
vn -0.2772 0.9539 -0.1148
vn -0.4388 0.8800 -0.1817
vn -0.5892 0.7703 -0.2440
vn -0.7166 0.6312 -0.2968
vn -0.8163 0.4684 -0.3381
vn -0.8847 0.2882 -0.3665
vn -0.9195 0.0972 -0.3809
vn -0.9195 -0.0972 -0.3809
vn -0.8847 -0.2882 -0.3665
vn -0.8163 -0.4684 -0.3381
vn -0.7166 -0.6312 -0.2968
vn -0.5892 -0.7703 -0.2440
vn -0.4388 -0.8800 -0.1817
vn -0.2772 -0.9539 -0.1148
vn -0.6795 0.7041 -0.2061
vn -0.5350 0.8291 -0.1623
vn -0.6795 -0.7041 -0.2061
vn -0.7977 -0.5524 -0.2420
vn -0.7977 0.5524 -0.2420
vn -0.5350 -0.8291 -0.1623
vn -0.8851 0.3801 -0.2685
vn -0.3705 -0.9220 -0.1124
vn -0.9388 0.1936 -0.2848
vn -0.2062 -0.9765 -0.0625
vn -0.9569 -0.0000 -0.2903
vn -0.2062 0.9765 -0.0625
vn -0.9388 -0.1936 -0.2848
vn -0.3705 0.9220 -0.1124
vn -0.8851 -0.3801 -0.2685
vn -0.2494 0.9539 -0.1667
vn -0.3949 0.8800 -0.2639
vn -0.5302 0.7703 -0.3543
vn -0.6449 0.6312 -0.4309
vn -0.7346 0.4684 -0.4908
vn -0.7962 0.2882 -0.5320
vn -0.8275 0.0972 -0.5529
vn -0.8275 -0.0972 -0.5529
vn -0.7962 -0.2882 -0.5320
vn -0.7346 -0.4684 -0.4908
vn -0.6449 -0.6312 -0.4309
vn -0.5302 -0.7703 -0.3543
vn -0.3949 -0.8800 -0.2639
vn -0.2494 -0.9539 -0.1667
vn -0.8819 -0.0000 -0.4714
vn -0.8652 0.1936 -0.4625
vn -0.1900 0.9765 -0.1016
vn -0.1900 -0.9765 -0.1016
vn -0.8652 -0.1936 -0.4625
vn -0.3415 0.9220 -0.1825
vn -0.8157 -0.3801 -0.4360
vn -0.4931 0.8291 -0.2636
vn -0.7351 -0.5524 -0.3929
vn -0.6263 0.7041 -0.3348
vn -0.6263 -0.7041 -0.3348
vn -0.7351 0.5524 -0.3929
vn -0.4931 -0.8291 -0.2636
vn -0.8157 0.3801 -0.4360
vn -0.3415 -0.9220 -0.1825
vn -0.2121 0.9539 -0.2121
vn -0.3358 0.8800 -0.3358
vn -0.4509 0.7703 -0.4509
vn -0.5484 0.6312 -0.5484
vn -0.6247 0.4684 -0.6247
vn -0.6771 0.2882 -0.6771
vn -0.7038 0.0972 -0.7038
vn -0.7038 -0.0972 -0.7038
vn -0.6771 -0.2882 -0.6771
vn -0.6247 -0.4684 -0.6247
vn -0.5484 -0.6312 -0.5484
vn -0.4509 -0.7703 -0.4509
vn -0.3358 -0.8800 -0.3358
vn -0.2121 -0.9539 -0.2121
vn -0.5489 -0.7041 -0.4505
vn -0.6444 -0.5524 -0.5288
vn -0.6444 0.5524 -0.5288
vn -0.5489 0.7041 -0.4505
vn -0.4322 -0.8291 -0.3547
vn -0.7150 0.3801 -0.5868
vn -0.2993 -0.9220 -0.2457
vn -0.7584 0.1936 -0.6224
vn -0.1665 -0.9765 -0.1367
vn -0.7730 -0.0000 -0.6344
vn -0.1665 0.9765 -0.1367
vn -0.7584 -0.1936 -0.6224
vn -0.2993 0.9220 -0.2457
vn -0.7150 -0.3801 -0.5868
vn -0.4322 0.8291 -0.3547
vn -0.1667 0.9539 -0.2494
vn -0.2639 0.8800 -0.3949
vn -0.3543 0.7703 -0.5302
vn -0.4309 0.6312 -0.6449
vn -0.4908 0.4684 -0.7346
vn -0.5320 0.2882 -0.7962
vn -0.5529 0.0972 -0.8275
vn -0.5529 -0.0973 -0.8275
vn -0.5320 -0.2882 -0.7962
vn -0.4908 -0.4684 -0.7346
vn -0.4309 -0.6312 -0.6449
vn -0.3543 -0.7703 -0.5302
vn -0.2639 -0.8800 -0.3949
vn -0.1667 -0.9539 -0.2494
vn -0.1367 0.9765 -0.1665
vn -0.1367 -0.9765 -0.1665
vn -0.6224 -0.1936 -0.7584
vn -0.6344 -0.0000 -0.7730
vn -0.2457 0.9220 -0.2993
vn -0.5868 -0.3801 -0.7150
vn -0.3547 0.8291 -0.4322
vn -0.5288 -0.5524 -0.6444
vn -0.4505 0.7041 -0.5489
vn -0.4505 -0.7041 -0.5489
vn -0.5288 0.5524 -0.6444
vn -0.3547 -0.8291 -0.4322
vn -0.5868 0.3801 -0.7150
vn -0.2457 -0.9220 -0.2993
vn -0.6224 0.1936 -0.7584
vn -0.1148 0.9539 -0.2772
vn -0.1817 0.8800 -0.4388
vn -0.2440 0.7703 -0.5892
vn -0.2968 0.6312 -0.7166
vn -0.3381 0.4684 -0.8163
vn -0.3664 0.2882 -0.8847
vn -0.3809 0.0972 -0.9195
vn -0.3809 -0.0972 -0.9195
vn -0.3664 -0.2882 -0.8847
vn -0.3381 -0.4684 -0.8163
vn -0.2968 -0.6312 -0.7166
vn -0.2440 -0.7703 -0.5892
vn -0.1818 -0.8800 -0.4388
vn -0.1148 -0.9539 -0.2772
vn -0.3929 0.5524 -0.7351
vn -0.3348 0.7041 -0.6263
vn -0.2635 -0.8291 -0.4931
vn -0.3348 -0.7041 -0.6263
vn -0.4360 0.3801 -0.8157
vn -0.1825 -0.9220 -0.3415
vn -0.4625 0.1936 -0.8652
vn -0.1016 -0.9765 -0.1900
vn -0.4714 -0.0000 -0.8819
vn -0.1016 0.9765 -0.1900
vn -0.4625 -0.1936 -0.8652
vn -0.1825 0.9220 -0.3415
vn -0.4360 -0.3801 -0.8157
vn -0.2636 0.8291 -0.4931
vn -0.3929 -0.5524 -0.7351
vn -0.0585 0.9539 -0.2942
vn -0.0927 0.8800 -0.4658
vn -0.1244 0.7703 -0.6255
vn -0.1513 0.6312 -0.7607
vn -0.1724 0.4684 -0.8665
vn -0.1868 0.2882 -0.9392
vn -0.1942 0.0973 -0.9761
vn -0.1942 -0.0973 -0.9761
vn -0.1868 -0.2882 -0.9392
vn -0.1724 -0.4684 -0.8665
vn -0.1513 -0.6312 -0.7607
vn -0.1244 -0.7703 -0.6255
vn -0.0927 -0.8800 -0.4658
vn -0.0585 -0.9539 -0.2942
vn -0.2848 -0.1936 -0.9388
vn -0.2903 -0.0000 -0.9569
vn -0.1124 0.9220 -0.3705
vn -0.0625 0.9765 -0.2062
vn -0.2685 -0.3801 -0.8851
vn -0.1623 0.8291 -0.5350
vn -0.2420 -0.5524 -0.7977
vn -0.2061 0.7041 -0.6795
vn -0.2061 -0.7041 -0.6795
vn -0.2420 0.5524 -0.7977
vn -0.1623 -0.8291 -0.5350
vn -0.2685 0.3801 -0.8851
vn -0.1124 -0.9220 -0.3705
vn -0.2848 0.1936 -0.9388
vn -0.0625 -0.9765 -0.2062
vn -0.0000 0.9539 -0.3000
vn -0.0000 -0.7703 -0.6377
vn -0.0000 -0.8800 -0.4749
vn -0.0000 -0.9539 -0.3000
vn -0.0548 -0.8291 -0.5564
vn -0.0696 -0.7041 -0.7067
vn -0.0907 0.3801 -0.9205
vn -0.0380 -0.9220 -0.3854
vn -0.0211 -0.9765 -0.2144
vn -0.0211 0.9765 -0.2144
vn -0.0380 0.9220 -0.3854
vn -0.0907 -0.3801 -0.9205
vn -0.0696 0.7041 -0.7067
vn -0.0000 0.9943 -0.1066
vn -0.0000 0.8800 -0.4749
vn -0.0000 0.7703 -0.6377
vn -0.0000 0.6312 -0.7756
vn -0.0000 0.4684 -0.8835
vn -0.0000 0.2882 -0.9576
vn -0.0000 -0.2882 -0.9576
vn -0.0000 -0.4684 -0.8835
vn -0.0000 -0.6312 -0.7756
vn -0.0000 -0.9943 -0.1066
vn 0.0208 0.9943 -0.1046
vn 0.0208 -0.9943 -0.1046
vn 0.0548 -0.8291 -0.5564
vn 0.0696 -0.7041 -0.7067
vn 0.0907 0.3801 -0.9205
vn 0.0380 -0.9220 -0.3854
vn 0.0211 -0.9765 -0.2144
vn 0.0211 0.9765 -0.2144
vn 0.0380 0.9220 -0.3854
vn 0.0907 -0.3801 -0.9205
vn 0.0696 0.7041 -0.7067
vn 0.0408 0.9943 -0.0985
vn 0.0408 -0.9943 -0.0985
vn 0.0592 0.9943 -0.0886
vn 0.0592 -0.9943 -0.0886
vn 0.0754 0.9943 -0.0754
vn 0.0754 -0.9943 -0.0754
vn 0.0886 0.9943 -0.0592
vn 0.0886 -0.9943 -0.0592
vn 0.0985 0.9943 -0.0408
vn 0.0985 -0.9943 -0.0408
vn 0.1046 0.9943 -0.0208
vn 0.1046 -0.9943 -0.0208
vn 0.1066 0.9943 -0.0000
vn 0.1066 -0.9943 -0.0000
vn 0.1046 0.9943 0.0208
vn 0.1046 -0.9943 0.0208
vn 0.0985 0.9943 0.0408
vn 0.0985 -0.9943 0.0408
vn 0.0886 0.9943 0.0592
vn 0.0886 -0.9943 0.0592
vn 0.0754 0.9943 0.0754
vn 0.0754 -0.9943 0.0754
vn 0.0592 0.9943 0.0886
vn 0.0592 -0.9943 0.0886
vn 0.0408 0.9943 0.0985
vn 0.0408 -0.9943 0.0985
vn 0.0208 0.9943 0.1046
vn 0.0208 -0.9943 0.1046
vn -0.0000 0.9943 0.1066
vn -0.0000 -0.9943 0.1066
vn -0.0208 0.9943 0.1046
vn -0.0208 -0.9943 0.1046
vn -0.0408 0.9943 0.0985
vn -0.0408 -0.9943 0.0985
vn -0.0592 0.9943 0.0886
vn -0.0592 -0.9943 0.0886
vn -0.0754 0.9943 0.0754
vn -0.0754 -0.9943 0.0754
vn -0.0886 0.9943 0.0592
vn -0.0886 -0.9943 0.0592
vn -0.0985 0.9943 0.0408
vn -0.0985 -0.9943 0.0408
vn -0.1046 0.9943 0.0208
vn -0.1046 -0.9943 0.0208
vn -0.1066 0.9943 -0.0000
vn -0.1066 -0.9943 -0.0000
vn -0.1046 0.9943 -0.0208
vn -0.1046 -0.9943 -0.0208
vn -0.0985 0.9943 -0.0408
vn -0.0985 -0.9943 -0.0408
vn -0.0886 0.9943 -0.0592
vn -0.0886 -0.9943 -0.0592
vn -0.0754 0.9943 -0.0754
vn -0.0754 -0.9943 -0.0754
vn -0.0592 0.9943 -0.0886
vn -0.0592 -0.9943 -0.0886
vn -0.0408 0.9943 -0.0985
vn -0.0408 -0.9943 -0.0985
vn -0.0208 0.9943 -0.1046
vn -0.0208 -0.9943 -0.1046
vn -0.0817 0.5524 -0.8296
vn -0.0962 0.1936 -0.9764
vn -0.0980 -0.0000 -0.9952
vn -0.0962 -0.1936 -0.9764
vn -0.0548 0.8291 -0.5564
vn -0.0817 -0.5524 -0.8296
vn 0.0625 -0.7703 -0.6347
vn 0.0866 0.4684 -0.8793
vn 0.0465 -0.8800 -0.4726
vn 0.0939 0.2882 -0.9530
vn 0.0294 -0.9539 -0.2986
vn 0.0976 0.0973 -0.9905
vn 0.0150 0.9881 -0.1528
vn 0.0150 -0.9881 -0.1528
vn 0.0976 -0.0973 -0.9905
vn 0.0294 0.9539 -0.2986
vn 0.0939 -0.2882 -0.9530
vn 0.0466 0.8800 -0.4726
vn 0.0866 -0.4684 -0.8793
vn 0.0625 0.7703 -0.6347
vn 0.0760 -0.6312 -0.7719
vn 0.0760 0.6312 -0.7719
vn 0.1851 0.7703 -0.6103
vn 0.2251 -0.6312 -0.7422
vn 0.2251 0.6312 -0.7422
vn 0.1851 -0.7703 -0.6103
vn 0.2565 0.4684 -0.8455
vn 0.1379 -0.8800 -0.4545
vn 0.2780 0.2882 -0.9163
vn 0.0871 -0.9539 -0.2872
vn 0.2889 0.0973 -0.9524
vn 0.0446 0.9881 -0.1469
vn 0.0446 -0.9881 -0.1469
vn 0.2889 -0.0973 -0.9524
vn 0.0871 0.9539 -0.2872
vn 0.2780 -0.2882 -0.9163
vn 0.1379 0.8800 -0.4545
vn 0.2565 -0.4684 -0.8455
vn 0.4692 0.0973 -0.8777
vn 0.0724 0.9881 -0.1354
vn 0.0724 -0.9881 -0.1354
vn 0.4692 -0.0973 -0.8777
vn 0.1415 0.9539 -0.2647
vn 0.4514 -0.2882 -0.8445
vn 0.2239 0.8800 -0.4189
vn 0.4165 -0.4684 -0.7792
vn 0.3006 0.7703 -0.5624
vn 0.3656 -0.6312 -0.6840
vn 0.3656 0.6312 -0.6840
vn 0.3006 -0.7703 -0.5624
vn 0.4165 0.4684 -0.7792
vn 0.2239 -0.8800 -0.4189
vn 0.4514 0.2882 -0.8445
vn 0.1415 -0.9539 -0.2647
vn 0.4920 -0.6312 -0.5996
vn 0.4920 0.6312 -0.5996
vn 0.4046 -0.7703 -0.4930
vn 0.5605 0.4684 -0.6830
vn 0.3013 -0.8800 -0.3671
vn 0.6075 0.2882 -0.7402
vn 0.1904 -0.9539 -0.2320
vn 0.6314 0.0973 -0.7693
vn 0.0974 0.9881 -0.1187
vn 0.0974 -0.9881 -0.1187
vn 0.6314 -0.0973 -0.7693
vn 0.1904 0.9539 -0.2320
vn 0.6075 -0.2882 -0.7402
vn 0.3013 0.8800 -0.3671
vn 0.5605 -0.4684 -0.6830
vn 0.4046 0.7703 -0.4930
vn 0.1187 -0.9881 -0.0974
vn 0.7693 -0.0973 -0.6314
vn 0.2320 0.9539 -0.1904
vn 0.7402 -0.2882 -0.6075
vn 0.3671 0.8800 -0.3013
vn 0.6830 -0.4684 -0.5605
vn 0.4930 0.7703 -0.4046
vn 0.5996 -0.6312 -0.4920
vn 0.5996 0.6312 -0.4920
vn 0.4930 -0.7703 -0.4046
vn 0.6830 0.4684 -0.5605
vn 0.3671 -0.8800 -0.3013
vn 0.7402 0.2882 -0.6075
vn 0.2320 -0.9539 -0.1904
vn 0.7693 0.0973 -0.6314
vn 0.1187 0.9881 -0.0974
vn 0.5624 -0.7703 -0.3006
vn 0.7792 0.4684 -0.4165
vn 0.4189 -0.8800 -0.2239
vn 0.8445 0.2882 -0.4514
vn 0.2647 -0.9539 -0.1415
vn 0.8777 0.0973 -0.4692
vn 0.1354 0.9881 -0.0724
vn 0.1354 -0.9881 -0.0724
vn 0.8777 -0.0973 -0.4692
vn 0.2647 0.9539 -0.1415
vn 0.8445 -0.2882 -0.4514
vn 0.4189 0.8800 -0.2239
vn 0.7792 -0.4684 -0.4165
vn 0.5624 0.7703 -0.3006
vn 0.6840 -0.6312 -0.3656
vn 0.6840 0.6312 -0.3656
vn 0.2872 0.9539 -0.0871
vn 0.9163 -0.2882 -0.2780
vn 0.4545 0.8800 -0.1379
vn 0.8455 -0.4684 -0.2565
vn 0.6103 0.7703 -0.1851
vn 0.7422 -0.6312 -0.2251
vn 0.7422 0.6312 -0.2251
vn 0.6103 -0.7703 -0.1851
vn 0.8455 0.4684 -0.2565
vn 0.4545 -0.8800 -0.1379
vn 0.9163 0.2882 -0.2780
vn 0.2872 -0.9539 -0.0871
vn 0.9524 0.0973 -0.2889
vn 0.1469 0.9881 -0.0446
vn 0.1469 -0.9881 -0.0446
vn 0.9524 -0.0973 -0.2889
vn 0.8792 0.4684 -0.0866
vn 0.4726 -0.8800 -0.0466
vn 0.9530 0.2882 -0.0939
vn 0.2986 -0.9539 -0.0294
vn 0.9905 0.0973 -0.0976
vn 0.1528 0.9881 -0.0150
vn 0.1528 -0.9881 -0.0150
vn 0.9905 -0.0973 -0.0976
vn 0.2986 0.9539 -0.0294
vn 0.9530 -0.2882 -0.0939
vn 0.4726 0.8800 -0.0466
vn 0.8792 -0.4684 -0.0866
vn 0.6347 0.7703 -0.0625
vn 0.7719 -0.6312 -0.0760
vn 0.7719 0.6312 -0.0760
vn 0.6347 -0.7703 -0.0625
vn 0.9530 -0.2882 0.0939
vn 0.4726 0.8800 0.0466
vn 0.8792 -0.4684 0.0866
vn 0.6347 0.7703 0.0625
vn 0.7719 -0.6312 0.0760
vn 0.7719 0.6312 0.0760
vn 0.6347 -0.7703 0.0625
vn 0.8792 0.4684 0.0866
vn 0.4726 -0.8800 0.0466
vn 0.9530 0.2882 0.0939
vn 0.2986 -0.9539 0.0294
vn 0.9905 0.0973 0.0976
vn 0.1528 0.9881 0.0150
vn 0.1528 -0.9881 0.0150
vn 0.9905 -0.0973 0.0976
vn 0.2986 0.9539 0.0294
vn 0.4545 -0.8800 0.1379
vn 0.9163 0.2882 0.2780
vn 0.2872 -0.9539 0.0871
vn 0.9524 0.0973 0.2889
vn 0.1469 0.9881 0.0446
vn 0.1469 -0.9881 0.0446
vn 0.9524 -0.0973 0.2889
vn 0.2872 0.9539 0.0871
vn 0.9163 -0.2882 0.2780
vn 0.4545 0.8800 0.1379
vn 0.8455 -0.4684 0.2565
vn 0.6103 0.7703 0.1851
vn 0.7422 -0.6312 0.2251
vn 0.7422 0.6312 0.2251
vn 0.6103 -0.7703 0.1851
vn 0.8455 0.4684 0.2565
vn 0.4189 0.8800 0.2239
vn 0.7792 -0.4684 0.4165
vn 0.5624 0.7703 0.3006
vn 0.6840 -0.6312 0.3656
vn 0.6840 0.6312 0.3656
vn 0.5624 -0.7703 0.3006
vn 0.7792 0.4684 0.4165
vn 0.4189 -0.8800 0.2239
vn 0.8445 0.2882 0.4514
vn 0.2647 -0.9539 0.1415
vn 0.8777 0.0973 0.4692
vn 0.1354 0.9881 0.0724
vn 0.1354 -0.9881 0.0724
vn 0.8777 -0.0973 0.4692
vn 0.2647 0.9539 0.1415
vn 0.8445 -0.2882 0.4514
vn 0.7402 0.2882 0.6075
vn 0.2320 -0.9539 0.1904
vn 0.7693 0.0973 0.6314
vn 0.1187 0.9881 0.0974
vn 0.1187 -0.9881 0.0974
vn 0.7693 -0.0973 0.6314
vn 0.2320 0.9539 0.1904
vn 0.7402 -0.2882 0.6075
vn 0.3671 0.8800 0.3013
vn 0.6830 -0.4684 0.5605
vn 0.4930 0.7703 0.4046
vn 0.5996 -0.6312 0.4920
vn 0.5996 0.6312 0.4920
vn 0.4930 -0.7703 0.4046
vn 0.6830 0.4684 0.5605
vn 0.3671 -0.8800 0.3013
vn 0.5605 -0.4684 0.6830
vn 0.4046 0.7703 0.4930
vn 0.4920 -0.6312 0.5996
vn 0.4920 0.6312 0.5996
vn 0.4046 -0.7703 0.4930
vn 0.5605 0.4684 0.6830
vn 0.3013 -0.8800 0.3671
vn 0.6075 0.2882 0.7402
vn 0.1904 -0.9539 0.2320
vn 0.6314 0.0973 0.7693
vn 0.0974 0.9881 0.1187
vn 0.0974 -0.9881 0.1187
vn 0.6314 -0.0973 0.7693
vn 0.1904 0.9539 0.2320
vn 0.6075 -0.2882 0.7402
vn 0.3013 0.8800 0.3671
vn 0.1415 -0.9539 0.2647
vn 0.4692 0.0972 0.8777
vn 0.0724 0.9881 0.1354
vn 0.0724 -0.9881 0.1354
vn 0.4692 -0.0973 0.8777
vn 0.1415 0.9539 0.2647
vn 0.4514 -0.2882 0.8445
vn 0.2239 0.8800 0.4189
vn 0.4165 -0.4684 0.7792
vn 0.3006 0.7703 0.5624
vn 0.3656 -0.6312 0.6840
vn 0.3656 0.6312 0.6840
vn 0.3006 -0.7703 0.5624
vn 0.4165 0.4684 0.7792
vn 0.2239 -0.8800 0.4189
vn 0.4514 0.2882 0.8445
vn 0.2251 -0.6312 0.7422
vn 0.2251 0.6312 0.7422
vn 0.1851 -0.7703 0.6103
vn 0.2565 0.4684 0.8455
vn 0.1379 -0.8800 0.4545
vn 0.2780 0.2882 0.9163
vn 0.0871 -0.9539 0.2872
vn 0.2889 0.0973 0.9524
vn 0.0446 0.9881 0.1469
vn 0.0446 -0.9881 0.1469
vn 0.2889 -0.0973 0.9524
vn 0.0871 0.9539 0.2872
vn 0.2780 -0.2882 0.9163
vn 0.1379 0.8800 0.4545
vn 0.2565 -0.4684 0.8455
vn 0.1851 0.7703 0.6103
vn 0.0150 0.9881 0.1528
vn 0.0150 -0.9881 0.1528
vn 0.0976 -0.0973 0.9905
vn 0.0294 0.9539 0.2986
vn 0.0939 -0.2882 0.9530
vn 0.0466 0.8800 0.4726
vn 0.0866 -0.4684 0.8792
vn 0.0625 0.7703 0.6347
vn 0.0760 -0.6312 0.7719
vn 0.0760 0.6312 0.7719
vn 0.0625 -0.7703 0.6347
vn 0.0866 0.4684 0.8792
vn 0.0466 -0.8800 0.4726
vn 0.0939 0.2882 0.9530
vn 0.0294 -0.9539 0.2986
vn 0.0976 0.0973 0.9905
vn -0.0760 0.6312 0.7719
vn -0.0625 -0.7703 0.6347
vn -0.0866 0.4684 0.8792
vn -0.0466 -0.8800 0.4726
vn -0.0939 0.2882 0.9530
vn -0.0294 -0.9539 0.2986
vn -0.0976 0.0973 0.9905
vn -0.0150 0.9881 0.1528
vn -0.0150 -0.9881 0.1528
vn -0.0976 -0.0973 0.9905
vn -0.0294 0.9539 0.2986
vn -0.0939 -0.2882 0.9530
vn -0.0466 0.8800 0.4726
vn -0.0866 -0.4684 0.8792
vn -0.0625 0.7703 0.6347
vn -0.0760 -0.6312 0.7719
vn -0.2889 -0.0972 0.9524
vn -0.0871 0.9539 0.2872
vn -0.2780 -0.2882 0.9163
vn -0.1379 0.8800 0.4545
vn -0.2565 -0.4684 0.8455
vn -0.1851 0.7703 0.6103
vn -0.2251 -0.6312 0.7422
vn -0.2251 0.6312 0.7422
vn -0.1851 -0.7703 0.6103
vn -0.2565 0.4684 0.8455
vn -0.1379 -0.8800 0.4545
vn -0.2780 0.2882 0.9163
vn -0.0871 -0.9539 0.2872
vn -0.2889 0.0972 0.9524
vn -0.0446 0.9881 0.1469
vn -0.0446 -0.9881 0.1469
vn -0.3006 -0.7703 0.5624
vn -0.4165 0.4684 0.7792
vn -0.2239 -0.8800 0.4189
vn -0.4514 0.2882 0.8445
vn -0.1415 -0.9539 0.2647
vn -0.4692 0.0972 0.8777
vn -0.0724 0.9881 0.1354
vn -0.0724 -0.9881 0.1354
vn -0.4692 -0.0972 0.8777
vn -0.1415 0.9539 0.2647
vn -0.4514 -0.2882 0.8445
vn -0.2239 0.8800 0.4189
vn -0.4165 -0.4684 0.7792
vn -0.3006 0.7703 0.5624
vn -0.3656 -0.6312 0.6840
vn -0.3656 0.6312 0.6840
vn -0.1904 0.9539 0.2320
vn -0.6075 -0.2882 0.7402
vn -0.3013 0.8800 0.3671
vn -0.5605 -0.4684 0.6830
vn -0.4046 0.7703 0.4930
vn -0.4920 -0.6312 0.5996
vn -0.4920 0.6312 0.5996
vn -0.4046 -0.7703 0.4930
vn -0.5605 0.4684 0.6830
vn -0.3013 -0.8800 0.3671
vn -0.6075 0.2882 0.7402
vn -0.1904 -0.9539 0.2320
vn -0.6314 0.0972 0.7693
vn -0.0974 0.9881 0.1187
vn -0.0974 -0.9881 0.1187
vn -0.6314 -0.0972 0.7693
vn -0.6830 0.4684 0.5605
vn -0.3671 -0.8800 0.3013
vn -0.7402 0.2882 0.6075
vn -0.2320 -0.9539 0.1904
vn -0.7693 0.0972 0.6314
vn -0.1187 0.9881 0.0974
vn -0.1187 -0.9881 0.0974
vn -0.7693 -0.0972 0.6314
vn -0.2320 0.9539 0.1904
vn -0.7402 -0.2882 0.6075
vn -0.3671 0.8800 0.3013
vn -0.6830 -0.4684 0.5605
vn -0.4930 0.7703 0.4046
vn -0.5996 -0.6312 0.4920
vn -0.5996 0.6312 0.4920
vn -0.4930 -0.7703 0.4046
vn -0.8445 -0.2882 0.4514
vn -0.4189 0.8800 0.2239
vn -0.7792 -0.4684 0.4165
vn -0.5624 0.7703 0.3006
vn -0.6840 -0.6312 0.3656
vn -0.6840 0.6312 0.3656
vn -0.5624 -0.7703 0.3006
vn -0.7792 0.4684 0.4165
vn -0.4189 -0.8800 0.2239
vn -0.8445 0.2882 0.4514
vn -0.2647 -0.9539 0.1415
vn -0.8777 0.0972 0.4692
vn -0.1354 0.9881 0.0724
vn -0.1354 -0.9881 0.0724
vn -0.8777 -0.0972 0.4692
vn -0.2647 0.9539 0.1415
vn -0.4545 -0.8800 0.1379
vn -0.9163 0.2882 0.2780
vn -0.2872 -0.9539 0.0871
vn -0.9524 0.0972 0.2889
vn -0.1469 0.9881 0.0446
vn -0.1469 -0.9881 0.0446
vn -0.9524 -0.0972 0.2889
vn -0.2872 0.9539 0.0871
vn -0.9163 -0.2882 0.2780
vn -0.4545 0.8800 0.1379
vn -0.8455 -0.4684 0.2565
vn -0.6103 0.7703 0.1851
vn -0.7422 -0.6312 0.2251
vn -0.7422 0.6312 0.2251
vn -0.6103 -0.7703 0.1851
vn -0.8455 0.4684 0.2565
vn -0.8792 -0.4684 0.0866
vn -0.6347 0.7703 0.0625
vn -0.7719 -0.6312 0.0760
vn -0.7719 0.6312 0.0760
vn -0.6347 -0.7703 0.0625
vn -0.8793 0.4684 0.0866
vn -0.4726 -0.8800 0.0466
vn -0.9530 0.2882 0.0939
vn -0.2986 -0.9539 0.0294
vn -0.9905 0.0972 0.0976
vn -0.1528 0.9881 0.0150
vn -0.1528 -0.9881 0.0150
vn -0.9905 -0.0972 0.0976
vn -0.2986 0.9539 0.0294
vn -0.9530 -0.2882 0.0939
vn -0.4726 0.8800 0.0466
vn -0.2986 -0.9539 -0.0294
vn -0.9905 0.0972 -0.0976
vn -0.1528 0.9881 -0.0150
vn -0.1528 -0.9881 -0.0150
vn -0.9905 -0.0972 -0.0976
vn -0.2986 0.9539 -0.0294
vn -0.9530 -0.2882 -0.0939
vn -0.4726 0.8800 -0.0466
vn -0.8792 -0.4684 -0.0866
vn -0.6347 0.7703 -0.0625
vn -0.7719 -0.6312 -0.0760
vn -0.7719 0.6312 -0.0760
vn -0.6347 -0.7703 -0.0625
vn -0.8792 0.4684 -0.0866
vn -0.4726 -0.8800 -0.0466
vn -0.9530 0.2882 -0.0939
vn -0.6103 0.7703 -0.1851
vn -0.7422 -0.6312 -0.2251
vn -0.7422 0.6312 -0.2251
vn -0.6103 -0.7703 -0.1851
vn -0.8455 0.4684 -0.2565
vn -0.4545 -0.8800 -0.1379
vn -0.9163 0.2882 -0.2780
vn -0.2872 -0.9539 -0.0871
vn -0.9524 0.0972 -0.2889
vn -0.1469 0.9881 -0.0446
vn -0.1469 -0.9881 -0.0446
vn -0.9524 -0.0972 -0.2889
vn -0.2872 0.9539 -0.0871
vn -0.9163 -0.2882 -0.2780
vn -0.4545 0.8800 -0.1379
vn -0.8455 -0.4684 -0.2565
vn -0.8777 0.0972 -0.4692
vn -0.1354 0.9881 -0.0724
vn -0.1354 -0.9881 -0.0724
vn -0.8777 -0.0972 -0.4692
vn -0.2647 0.9539 -0.1415
vn -0.8445 -0.2882 -0.4514
vn -0.4189 0.8800 -0.2239
vn -0.7792 -0.4684 -0.4165
vn -0.5624 0.7703 -0.3006
vn -0.6840 -0.6312 -0.3656
vn -0.6840 0.6312 -0.3656
vn -0.5624 -0.7703 -0.3006
vn -0.7792 0.4684 -0.4165
vn -0.4189 -0.8800 -0.2239
vn -0.8445 0.2882 -0.4514
vn -0.2647 -0.9539 -0.1415
vn -0.5996 -0.6312 -0.4920
vn -0.5996 0.6312 -0.4920
vn -0.4930 -0.7703 -0.4046
vn -0.6830 0.4684 -0.5605
vn -0.3671 -0.8800 -0.3013
vn -0.7402 0.2882 -0.6075
vn -0.2320 -0.9539 -0.1904
vn -0.7693 0.0972 -0.6314
vn -0.1187 0.9881 -0.0974
vn -0.1187 -0.9881 -0.0974
vn -0.7693 -0.0972 -0.6314
vn -0.2320 0.9539 -0.1904
vn -0.7402 -0.2882 -0.6075
vn -0.3671 0.8800 -0.3013
vn -0.6830 -0.4684 -0.5605
vn -0.4930 0.7703 -0.4046
vn -0.0974 0.9881 -0.1187
vn -0.0974 -0.9881 -0.1187
vn -0.6314 -0.0972 -0.7693
vn -0.1904 0.9539 -0.2320
vn -0.6075 -0.2882 -0.7402
vn -0.3013 0.8800 -0.3671
vn -0.5605 -0.4684 -0.6830
vn -0.4046 0.7703 -0.4930
vn -0.4920 -0.6312 -0.5996
vn -0.4920 0.6312 -0.5996
vn -0.4046 -0.7703 -0.4930
vn -0.5605 0.4684 -0.6830
vn -0.3013 -0.8800 -0.3671
vn -0.6075 0.2882 -0.7402
vn -0.1904 -0.9539 -0.2320
vn -0.6314 0.0972 -0.7693
vn -0.3656 0.6312 -0.6840
vn -0.3006 -0.7703 -0.5624
vn -0.4165 0.4684 -0.7792
vn -0.2239 -0.8800 -0.4189
vn -0.4514 0.2882 -0.8445
vn -0.1415 -0.9539 -0.2647
vn -0.4692 0.0972 -0.8777
vn -0.0724 0.9881 -0.1354
vn -0.0724 -0.9881 -0.1354
vn -0.4692 -0.0972 -0.8777
vn -0.1415 0.9539 -0.2647
vn -0.4514 -0.2882 -0.8445
vn -0.2239 0.8800 -0.4189
vn -0.4165 -0.4684 -0.7792
vn -0.3006 0.7703 -0.5624
vn -0.3656 -0.6312 -0.6840
vn -0.2889 -0.0972 -0.9524
vn -0.0871 0.9539 -0.2872
vn -0.2780 -0.2882 -0.9163
vn -0.1379 0.8800 -0.4545
vn -0.2565 -0.4684 -0.8455
vn -0.1851 0.7703 -0.6103
vn -0.2251 -0.6312 -0.7422
vn -0.2251 0.6312 -0.7422
vn -0.1851 -0.7703 -0.6103
vn -0.2565 0.4684 -0.8455
vn -0.1379 -0.8800 -0.4545
vn -0.2780 0.2882 -0.9163
vn -0.0871 -0.9539 -0.2872
vn -0.2889 0.0972 -0.9524
vn -0.0446 0.9881 -0.1469
vn -0.0446 -0.9881 -0.1469
vn -0.0625 -0.7703 -0.6347
vn -0.0866 0.4684 -0.8793
vn -0.0466 -0.8800 -0.4726
vn -0.0939 0.2882 -0.9530
vn -0.0294 -0.9539 -0.2986
vn -0.0976 0.0972 -0.9905
vn -0.0150 0.9881 -0.1528
vn -0.0150 -0.9881 -0.1528
vn -0.0976 -0.0972 -0.9905
vn -0.0294 0.9539 -0.2986
vn -0.0939 -0.2882 -0.9530
vn -0.0466 0.8800 -0.4726
vn -0.0866 -0.4684 -0.8793
vn -0.0625 0.7703 -0.6347
vn -0.0760 -0.6312 -0.7719
vn -0.0760 0.6312 -0.7719
vt 0.750000 0.187500
vt 0.750000 0.218750
vt 0.734375 0.218750
vt 0.734375 0.187500
vt 0.750000 0.250000
vt 0.734375 0.250000
vt 0.718750 0.250000
vt 0.718750 0.218750
vt 0.718750 0.187500
vt 0.750000 0.625000
vt 0.750000 0.656250
vt 0.734375 0.656250
vt 0.734375 0.625000
vt 0.750000 0.687500
vt 0.734375 0.687500
vt 0.718750 0.687500
vt 0.718750 0.656250
vt 0.718750 0.625000
vt 0.750000 0.125000
vt 0.750000 0.156250
vt 0.734375 0.156250
vt 0.734375 0.125000
vt 0.718750 0.156250
vt 0.718750 0.125000
vt 0.750000 0.562500
vt 0.750000 0.593750
vt 0.734375 0.593750
vt 0.734375 0.562500
vt 0.718750 0.593750
vt 0.718750 0.562500
vt 0.750000 0.062500
vt 0.750000 0.093895
vt 0.734375 0.094039
vt 0.734375 0.064815
vt 0.750000 0.125000
vt 0.718750 0.125000
vt 0.718750 0.093895
vt 0.718750 0.062500
vt 0.750000 0.500000
vt 0.750000 0.531250
vt 0.734375 0.531250
vt 0.734375 0.500000
vt 0.718750 0.531250
vt 0.718750 0.500000
vt 0.750000 0.937500
vt 0.742188 0.968750
vt 0.734375 0.957899
vt 0.734375 0.935185
vt 0.734375 1.000000
vt 0.726563 0.968750
vt 0.742188 0.968750
vt 0.718750 0.937500
vt 0.734375 0.935185
vt 0.734375 0.000000
vt 0.742188 0.031250
vt 0.734375 0.042101
vt 0.726563 0.031250
vt 0.734375 0.064815
vt 0.742188 0.031250
vt 0.726563 0.031250
vt 0.734375 0.064815
vt 0.750000 0.437500
vt 0.750000 0.468750
vt 0.734375 0.468750
vt 0.734375 0.437500
vt 0.718750 0.468750
vt 0.718750 0.437500
vt 0.750000 0.875000
vt 0.750000 0.906105
vt 0.734375 0.905961
vt 0.734375 0.875000
vt 0.718750 0.906105
vt 0.718750 0.875000
vt 0.750000 0.375000
vt 0.750000 0.406250
vt 0.734375 0.406250
vt 0.734375 0.375000
vt 0.718750 0.406250
vt 0.718750 0.375000
vt 0.750000 0.812500
vt 0.750000 0.843750
vt 0.734375 0.843750
vt 0.734375 0.812500
vt 0.750000 0.875000
vt 0.734375 0.875000
vt 0.718750 0.875000
vt 0.718750 0.843750
vt 0.718750 0.812500
vt 0.750000 0.312500
vt 0.750000 0.343750
vt 0.734375 0.343750
vt 0.734375 0.312500
vt 0.718750 0.343750
vt 0.718750 0.312500
vt 0.750000 0.750000
vt 0.750000 0.781250
vt 0.734375 0.781250
vt 0.734375 0.750000
vt 0.718750 0.781250
vt 0.718750 0.750000
vt 0.750000 0.281250
vt 0.734375 0.281250
vt 0.718750 0.281250
vt 0.750000 0.718750
vt 0.734375 0.718750
vt 0.718750 0.718750
vt 0.703125 0.781250
vt 0.703125 0.750000
vt 0.703125 0.812500
vt 0.687500 0.812500
vt 0.687500 0.781250
vt 0.687500 0.750000
vt 0.703125 0.281250
vt 0.703125 0.250000
vt 0.703125 0.312500
vt 0.687500 0.312500
vt 0.687500 0.281250
vt 0.687500 0.250000
vt 0.703125 0.718750
vt 0.703125 0.687500
vt 0.687500 0.718750
vt 0.687500 0.687500
vt 0.703125 0.218750
vt 0.703125 0.187500
vt 0.687500 0.218750
vt 0.687500 0.187500
vt 0.703125 0.656250
vt 0.703125 0.625000
vt 0.687500 0.656250
vt 0.687500 0.625000
vt 0.703125 0.156250
vt 0.703125 0.125000
vt 0.687500 0.156250
vt 0.687500 0.125000
vt 0.703125 0.593750
vt 0.703125 0.562500
vt 0.687500 0.593750
vt 0.687500 0.562500
vt 0.703125 0.094039
vt 0.703125 0.064815
vt 0.687500 0.125000
vt 0.687500 0.093895
vt 0.687500 0.062500
vt 0.703125 0.531250
vt 0.703125 0.500000
vt 0.687500 0.531250
vt 0.687500 0.500000
vt 0.710938 0.968750
vt 0.703125 0.957899
vt 0.703125 0.935185
vt 0.703125 1.000000
vt 0.695313 0.968750
vt 0.710938 0.968750
vt 0.687500 0.937500
vt 0.703125 0.935185
vt 0.695313 0.968750
vt 0.703125 0.000000
vt 0.710938 0.031250
vt 0.703125 0.042101
vt 0.695313 0.031250
vt 0.710938 0.031250
vt 0.695313 0.031250
vt 0.703125 0.064815
vt 0.703125 0.468750
vt 0.703125 0.437500
vt 0.687500 0.468750
vt 0.687500 0.437500
vt 0.703125 0.905961
vt 0.703125 0.875000
vt 0.687500 0.906105
vt 0.687500 0.875000
vt 0.703125 0.406250
vt 0.703125 0.375000
vt 0.687500 0.406250
vt 0.687500 0.375000
vt 0.703125 0.843750
vt 0.703125 0.875000
vt 0.687500 0.875000
vt 0.687500 0.843750
vt 0.703125 0.343750
vt 0.687500 0.343750
vt 0.671875 0.531250
vt 0.671875 0.500000
vt 0.671875 0.562500
vt 0.656250 0.562500
vt 0.656250 0.531250
vt 0.656250 0.500000
vt 0.679688 0.968750
vt 0.671875 0.957899
vt 0.671875 0.935185
vt 0.671875 1.000000
vt 0.664063 0.968750
vt 0.679688 0.968750
vt 0.656250 0.937500
vt 0.671875 0.935185
vt 0.671875 0.000000
vt 0.679688 0.031250
vt 0.671875 0.042101
vt 0.664063 0.031250
vt 0.671875 0.064815
vt 0.679688 0.031250
vt 0.656250 0.062500
vt 0.664063 0.031250
vt 0.671875 0.064815
vt 0.671875 0.468750
vt 0.671875 0.437500
vt 0.656250 0.468750
vt 0.656250 0.437500
vt 0.671875 0.905961
vt 0.671875 0.875000
vt 0.656250 0.906105
vt 0.656250 0.875000
vt 0.671875 0.406250
vt 0.671875 0.375000
vt 0.656250 0.406250
vt 0.656250 0.375000
vt 0.671875 0.843750
vt 0.671875 0.812500
vt 0.671875 0.875000
vt 0.656250 0.875000
vt 0.656250 0.843750
vt 0.656250 0.812500
vt 0.671875 0.343750
vt 0.671875 0.312500
vt 0.656250 0.343750
vt 0.656250 0.312500
vt 0.671875 0.781250
vt 0.671875 0.750000
vt 0.656250 0.781250
vt 0.656250 0.750000
vt 0.671875 0.281250
vt 0.671875 0.250000
vt 0.656250 0.281250
vt 0.656250 0.250000
vt 0.671875 0.718750
vt 0.671875 0.687500
vt 0.656250 0.718750
vt 0.656250 0.687500
vt 0.671875 0.218750
vt 0.671875 0.187500
vt 0.656250 0.218750
vt 0.656250 0.187500
vt 0.671875 0.656250
vt 0.671875 0.625000
vt 0.656250 0.656250
vt 0.656250 0.625000
vt 0.671875 0.156250
vt 0.671875 0.125000
vt 0.656250 0.156250
vt 0.656250 0.125000
vt 0.671875 0.593750
vt 0.656250 0.593750
vt 0.671875 0.094039
vt 0.671875 0.064815
vt 0.671875 0.125000
vt 0.656250 0.125000
vt 0.656250 0.093895
vt 0.640625 0.281250
vt 0.640625 0.250000
vt 0.640625 0.312500
vt 0.625000 0.312500
vt 0.625000 0.281250
vt 0.625000 0.250000
vt 0.640625 0.718750
vt 0.640625 0.687500
vt 0.640625 0.750000
vt 0.625000 0.750000
vt 0.625000 0.718750
vt 0.625000 0.687500
vt 0.640625 0.218750
vt 0.640625 0.187500
vt 0.625000 0.218750
vt 0.625000 0.187500
vt 0.640625 0.656250
vt 0.640625 0.625000
vt 0.625000 0.656250
vt 0.625000 0.625000
vt 0.640625 0.156250
vt 0.640625 0.125000
vt 0.625000 0.156250
vt 0.625000 0.125000
vt 0.640625 0.593750
vt 0.640625 0.562500
vt 0.625000 0.593750
vt 0.625000 0.562500
vt 0.640625 0.094039
vt 0.640625 0.064815
vt 0.640625 0.125000
vt 0.625000 0.125000
vt 0.625000 0.093895
vt 0.625000 0.062500
vt 0.640625 0.531250
vt 0.640625 0.500000
vt 0.625000 0.531250
vt 0.625000 0.500000
vt 0.648438 0.968750
vt 0.640625 0.957899
vt 0.640625 0.935185
vt 0.640625 1.000000
vt 0.632813 0.968750
vt 0.648438 0.968750
vt 0.625000 0.937500
vt 0.640625 0.935185
vt 0.632813 0.968750
vt 0.640625 0.000000
vt 0.648438 0.031250
vt 0.640625 0.042101
vt 0.632813 0.031250
vt 0.640625 0.064815
vt 0.648438 0.031250
vt 0.632813 0.031250
vt 0.640625 0.064815
vt 0.640625 0.468750
vt 0.640625 0.437500
vt 0.625000 0.468750
vt 0.625000 0.437500
vt 0.640625 0.905961
vt 0.640625 0.875000
vt 0.625000 0.906105
vt 0.625000 0.875000
vt 0.640625 0.406250
vt 0.640625 0.375000
vt 0.625000 0.406250
vt 0.625000 0.375000
vt 0.640625 0.843750
vt 0.640625 0.812500
vt 0.640625 0.875000
vt 0.625000 0.875000
vt 0.625000 0.843750
vt 0.625000 0.812500
vt 0.640625 0.343750
vt 0.625000 0.343750
vt 0.640625 0.781250
vt 0.625000 0.781250
vt 0.609375 0.000000
vt 0.617188 0.031250
vt 0.609375 0.042101
vt 0.601563 0.031250
vt 0.609375 0.064815
vt 0.617188 0.031250
vt 0.593750 0.062500
vt 0.601563 0.031250
vt 0.609375 0.468750
vt 0.609375 0.437500
vt 0.609375 0.500000
vt 0.593750 0.500000
vt 0.593750 0.468750
vt 0.593750 0.437500
vt 0.609375 0.905961
vt 0.609375 0.875000
vt 0.609375 0.935185
vt 0.593750 0.937500
vt 0.593750 0.906105
vt 0.593750 0.875000
vt 0.609375 0.406250
vt 0.609375 0.375000
vt 0.593750 0.406250
vt 0.593750 0.375000
vt 0.609375 0.843750
vt 0.609375 0.812500
vt 0.609375 0.875000
vt 0.593750 0.875000
vt 0.593750 0.843750
vt 0.593750 0.812500
vt 0.609375 0.343750
vt 0.609375 0.312500
vt 0.593750 0.343750
vt 0.593750 0.312500
vt 0.609375 0.781250
vt 0.609375 0.750000
vt 0.593750 0.781250
vt 0.593750 0.750000
vt 0.609375 0.281250
vt 0.609375 0.250000
vt 0.593750 0.281250
vt 0.593750 0.250000
vt 0.609375 0.718750
vt 0.609375 0.687500
vt 0.593750 0.718750
vt 0.593750 0.687500
vt 0.609375 0.218750
vt 0.609375 0.187500
vt 0.593750 0.218750
vt 0.593750 0.187500
vt 0.609375 0.656250
vt 0.609375 0.625000
vt 0.593750 0.656250
vt 0.593750 0.625000
vt 0.609375 0.156250
vt 0.609375 0.125000
vt 0.593750 0.156250
vt 0.593750 0.125000
vt 0.609375 0.593750
vt 0.609375 0.562500
vt 0.593750 0.593750
vt 0.593750 0.562500
vt 0.609375 0.094039
vt 0.609375 0.064815
vt 0.593750 0.125000
vt 0.593750 0.093895
vt 0.609375 0.531250
vt 0.593750 0.531250
vt 0.617188 0.968750
vt 0.609375 0.957899
vt 0.609375 1.000000
vt 0.601563 0.968750
vt 0.601563 0.968750
vt 0.578125 0.218750
vt 0.578125 0.187500
vt 0.578125 0.250000
vt 0.562500 0.250000
vt 0.562500 0.218750
vt 0.562500 0.187500
vt 0.578125 0.656250
vt 0.578125 0.625000
vt 0.578125 0.687500
vt 0.562500 0.687500
vt 0.562500 0.656250
vt 0.562500 0.625000
vt 0.578125 0.156250
vt 0.578125 0.125000
vt 0.562500 0.156250
vt 0.562500 0.125000
vt 0.578125 0.593750
vt 0.578125 0.562500
vt 0.562500 0.593750
vt 0.562500 0.562500
vt 0.578125 0.094039
vt 0.578125 0.064815
vt 0.578125 0.125000
vt 0.562500 0.125000
vt 0.562500 0.093895
vt 0.562500 0.062500
vt 0.578125 0.531250
vt 0.578125 0.500000
vt 0.562500 0.531250
vt 0.562500 0.500000
vt 0.585938 0.968750
vt 0.578125 0.957899
vt 0.578125 0.935185
vt 0.578125 1.000000
vt 0.570313 0.968750
vt 0.562500 0.937500
vt 0.578125 0.935185
vt 0.578125 0.000000
vt 0.585938 0.031250
vt 0.578125 0.042101
vt 0.570313 0.031250
vt 0.578125 0.064815
vt 0.585938 0.031250
vt 0.570313 0.031250
vt 0.578125 0.468750
vt 0.578125 0.437500
vt 0.562500 0.468750
vt 0.562500 0.437500
vt 0.578125 0.905961
vt 0.578125 0.875000
vt 0.562500 0.906105
vt 0.562500 0.875000
vt 0.578125 0.406250
vt 0.578125 0.375000
vt 0.562500 0.406250
vt 0.562500 0.375000
vt 0.578125 0.843750
vt 0.578125 0.812500
vt 0.578125 0.875000
vt 0.562500 0.843750
vt 0.562500 0.812500
vt 0.578125 0.343750
vt 0.578125 0.312500
vt 0.562500 0.343750
vt 0.562500 0.312500
vt 0.578125 0.781250
vt 0.578125 0.750000
vt 0.562500 0.781250
vt 0.562500 0.750000
vt 0.578125 0.281250
vt 0.562500 0.281250
vt 0.578125 0.718750
vt 0.562500 0.718750
vt 0.546875 0.905961
vt 0.546875 0.875000
vt 0.546875 0.935185
vt 0.531250 0.937500
vt 0.531250 0.906105
vt 0.531250 0.875000
vt 0.546875 0.406250
vt 0.546875 0.375000
vt 0.546875 0.437500
vt 0.531250 0.437500
vt 0.531250 0.406250
vt 0.531250 0.375000
vt 0.546875 0.843750
vt 0.546875 0.812500
vt 0.546875 0.875000
vt 0.531250 0.843750
vt 0.531250 0.812500
vt 0.546875 0.343750
vt 0.546875 0.312500
vt 0.531250 0.343750
vt 0.531250 0.312500
vt 0.546875 0.781250
vt 0.546875 0.750000
vt 0.531250 0.781250
vt 0.531250 0.750000
vt 0.546875 0.281250
vt 0.546875 0.250000
vt 0.531250 0.281250
vt 0.531250 0.250000
vt 0.546875 0.718750
vt 0.546875 0.687500
vt 0.531250 0.718750
vt 0.531250 0.687500
vt 0.546875 0.218750
vt 0.546875 0.187500
vt 0.531250 0.218750
vt 0.531250 0.187500
vt 0.546875 0.656250
vt 0.546875 0.625000
vt 0.531250 0.656250
vt 0.531250 0.625000
vt 0.546875 0.156250
vt 0.546875 0.125000
vt 0.531250 0.156250
vt 0.531250 0.125000
vt 0.546875 0.593750
vt 0.546875 0.562500
vt 0.531250 0.593750
vt 0.531250 0.562500
vt 0.546875 0.094039
vt 0.546875 0.064815
vt 0.531250 0.125000
vt 0.531250 0.093895
vt 0.531250 0.062500
vt 0.546875 0.531250
vt 0.546875 0.500000
vt 0.531250 0.531250
vt 0.531250 0.500000
vt 0.554688 0.968750
vt 0.546875 0.957899
vt 0.546875 1.000000
vt 0.539063 0.968750
vt 0.546875 0.935185
vt 0.546875 0.000000
vt 0.554688 0.031250
vt 0.546875 0.042101
vt 0.539063 0.031250
vt 0.554688 0.031250
vt 0.539063 0.031250
vt 0.546875 0.468750
vt 0.531250 0.468750
vt 0.515625 0.656250
vt 0.515625 0.625000
vt 0.515625 0.687500
vt 0.500000 0.687500
vt 0.500000 0.656250
vt 0.500000 0.625000
vt 0.515625 0.156250
vt 0.515625 0.125000
vt 0.515625 0.187500
vt 0.500000 0.187500
vt 0.500000 0.156250
vt 0.500000 0.125000
vt 0.515625 0.593750
vt 0.515625 0.562500
vt 0.500000 0.593750
vt 0.500000 0.562500
vt 0.515625 0.094039
vt 0.515625 0.064815
vt 0.515625 0.125000
vt 0.500000 0.125000
vt 0.500000 0.093895
vt 0.500000 0.062500
vt 0.515625 0.531250
vt 0.515625 0.500000
vt 0.500000 0.531250
vt 0.500000 0.500000
vt 0.523438 0.968750
vt 0.515625 0.957899
vt 0.515625 0.935185
vt 0.515625 1.000000
vt 0.507813 0.968750
vt 0.500000 0.937500
vt 0.515625 0.000000
vt 0.523438 0.031250
vt 0.515625 0.042101
vt 0.507813 0.031250
vt 0.523438 0.031250
vt 0.507813 0.031250
vt 0.515625 0.064815
vt 0.515625 0.468750
vt 0.515625 0.437500
vt 0.500000 0.468750
vt 0.500000 0.437500
vt 0.515625 0.905961
vt 0.515625 0.875000
vt 0.500000 0.906105
vt 0.500000 0.875000
vt 0.515625 0.406250
vt 0.515625 0.375000
vt 0.500000 0.406250
vt 0.500000 0.375000
vt 0.515625 0.843750
vt 0.515625 0.812500
vt 0.515625 0.875000
vt 0.500000 0.875000
vt 0.500000 0.843750
vt 0.500000 0.812500
vt 0.515625 0.343750
vt 0.515625 0.312500
vt 0.500000 0.343750
vt 0.500000 0.312500
vt 0.515625 0.781250
vt 0.515625 0.750000
vt 0.500000 0.781250
vt 0.500000 0.750000
vt 0.515625 0.281250
vt 0.515625 0.250000
vt 0.500000 0.281250
vt 0.500000 0.250000
vt 0.515625 0.718750
vt 0.500000 0.718750
vt 0.515625 0.218750
vt 0.500000 0.218750
vt 0.484375 0.406250
vt 0.484375 0.375000
vt 0.484375 0.437500
vt 0.468750 0.437500
vt 0.468750 0.406250
vt 0.468750 0.375000
vt 0.484375 0.843750
vt 0.484375 0.812500
vt 0.484375 0.875000
vt 0.468750 0.875000
vt 0.468750 0.843750
vt 0.468750 0.812500
vt 0.484375 0.343750
vt 0.484375 0.312500
vt 0.468750 0.343750
vt 0.468750 0.312500
vt 0.484375 0.781250
vt 0.484375 0.750000
vt 0.468750 0.781250
vt 0.468750 0.750000
vt 0.484375 0.281250
vt 0.484375 0.250000
vt 0.468750 0.281250
vt 0.468750 0.250000
vt 0.484375 0.718750
vt 0.484375 0.687500
vt 0.468750 0.718750
vt 0.468750 0.687500
vt 0.484375 0.218750
vt 0.484375 0.187500
vt 0.468750 0.218750
vt 0.468750 0.187500
vt 0.484375 0.656250
vt 0.484375 0.625000
vt 0.468750 0.656250
vt 0.468750 0.625000
vt 0.484375 0.156250
vt 0.484375 0.125000
vt 0.468750 0.156250
vt 0.468750 0.125000
vt 0.484375 0.593750
vt 0.484375 0.562500
vt 0.468750 0.593750
vt 0.468750 0.562500
vt 0.484375 0.094039
vt 0.484375 0.064815
vt 0.484375 0.125000
vt 0.468750 0.125000
vt 0.468750 0.093895
vt 0.468750 0.062500
vt 0.484375 0.531250
vt 0.484375 0.500000
vt 0.468750 0.531250
vt 0.468750 0.500000
vt 0.492188 0.968750
vt 0.484375 0.957899
vt 0.484375 0.935185
vt 0.484375 1.000000
vt 0.476563 0.968750
vt 0.468750 0.937500
vt 0.484375 0.000000
vt 0.492188 0.031250
vt 0.484375 0.042101
vt 0.476563 0.031250
vt 0.492188 0.031250
vt 0.476563 0.031250
vt 0.484375 0.468750
vt 0.468750 0.468750
vt 0.484375 0.905961
vt 0.484375 0.875000
vt 0.468750 0.906105
vt 0.468750 0.875000
vt 0.453125 0.156250
vt 0.453125 0.125000
vt 0.453125 0.187500
vt 0.437500 0.187500
vt 0.437500 0.156250
vt 0.437500 0.125000
vt 0.453125 0.593750
vt 0.453125 0.562500
vt 0.453125 0.625000
vt 0.437500 0.625000
vt 0.437500 0.593750
vt 0.437500 0.562500
vt 0.453125 0.094039
vt 0.453125 0.064815
vt 0.437500 0.125000
vt 0.437500 0.093895
vt 0.437500 0.062500
vt 0.453125 0.531250
vt 0.453125 0.500000
vt 0.437500 0.531250
vt 0.437500 0.500000
vt 0.460938 0.968750
vt 0.453125 0.957899
vt 0.453125 0.935185
vt 0.453125 1.000000
vt 0.445313 0.968750
vt 0.437500 0.937500
vt 0.453125 0.935185
vt 0.453125 0.000000
vt 0.460938 0.031250
vt 0.453125 0.042101
vt 0.445313 0.031250
vt 0.453125 0.064815
vt 0.460938 0.031250
vt 0.445313 0.031250
vt 0.453125 0.468750
vt 0.453125 0.437500
vt 0.437500 0.468750
vt 0.437500 0.437500
vt 0.453125 0.905961
vt 0.453125 0.875000
vt 0.437500 0.906105
vt 0.437500 0.875000
vt 0.453125 0.406250
vt 0.453125 0.375000
vt 0.437500 0.406250
vt 0.437500 0.375000
vt 0.453125 0.843750
vt 0.453125 0.812500
vt 0.453125 0.875000
vt 0.437500 0.875000
vt 0.437500 0.843750
vt 0.437500 0.812500
vt 0.453125 0.343750
vt 0.453125 0.312500
vt 0.437500 0.343750
vt 0.437500 0.312500
vt 0.453125 0.781250
vt 0.453125 0.750000
vt 0.437500 0.781250
vt 0.437500 0.750000
vt 0.453125 0.281250
vt 0.453125 0.250000
vt 0.437500 0.281250
vt 0.437500 0.250000
vt 0.453125 0.718750
vt 0.453125 0.687500
vt 0.437500 0.718750
vt 0.437500 0.687500
vt 0.453125 0.218750
vt 0.437500 0.218750
vt 0.453125 0.656250
vt 0.437500 0.656250
vt 0.421875 0.843750
vt 0.421875 0.812500
vt 0.421875 0.875000
vt 0.406250 0.875000
vt 0.406250 0.843750
vt 0.406250 0.812500
vt 0.421875 0.343750
vt 0.421875 0.312500
vt 0.421875 0.375000
vt 0.406250 0.375000
vt 0.406250 0.343750
vt 0.406250 0.312500
vt 0.421875 0.781250
vt 0.421875 0.750000
vt 0.406250 0.781250
vt 0.406250 0.750000
vt 0.421875 0.281250
vt 0.421875 0.250000
vt 0.406250 0.281250
vt 0.406250 0.250000
vt 0.421875 0.718750
vt 0.421875 0.687500
vt 0.406250 0.718750
vt 0.406250 0.687500
vt 0.421875 0.218750
vt 0.421875 0.187500
vt 0.406250 0.218750
vt 0.406250 0.187500
vt 0.421875 0.656250
vt 0.421875 0.625000
vt 0.406250 0.656250
vt 0.406250 0.625000
vt 0.421875 0.156250
vt 0.421875 0.125000
vt 0.406250 0.156250
vt 0.406250 0.125000
vt 0.421875 0.593750
vt 0.421875 0.562500
vt 0.406250 0.593750
vt 0.406250 0.562500
vt 0.421875 0.094039
vt 0.421875 0.064815
vt 0.421875 0.125000
vt 0.406250 0.125000
vt 0.406250 0.093895
vt 0.406250 0.062500
vt 0.421875 0.531250
vt 0.421875 0.500000
vt 0.406250 0.531250
vt 0.406250 0.500000
vt 0.429688 0.968750
vt 0.421875 0.957899
vt 0.421875 0.935185
vt 0.421875 1.000000
vt 0.414063 0.968750
vt 0.429688 0.968750
vt 0.406250 0.937500
vt 0.421875 0.935185
vt 0.414063 0.968750
vt 0.421875 0.000000
vt 0.429688 0.031250
vt 0.421875 0.042101
vt 0.414063 0.031250
vt 0.421875 0.064815
vt 0.429688 0.031250
vt 0.414063 0.031250
vt 0.421875 0.468750
vt 0.421875 0.437500
vt 0.406250 0.468750
vt 0.406250 0.437500
vt 0.421875 0.905961
vt 0.421875 0.875000
vt 0.406250 0.906105
vt 0.406250 0.875000
vt 0.421875 0.406250
vt 0.406250 0.406250
vt 0.390625 0.593750
vt 0.390625 0.562500
vt 0.390625 0.625000
vt 0.375000 0.625000
vt 0.375000 0.593750
vt 0.375000 0.562500
vt 0.390625 0.094039
vt 0.390625 0.064815
vt 0.390625 0.125000
vt 0.375000 0.125000
vt 0.375000 0.093895
vt 0.375000 0.062500
vt 0.390625 0.531250
vt 0.390625 0.500000
vt 0.375000 0.531250
vt 0.375000 0.500000
vt 0.398438 0.968750
vt 0.390625 0.957899
vt 0.390625 0.935185
vt 0.390625 1.000000
vt 0.382813 0.968750
vt 0.375000 0.937500
vt 0.390625 0.935185
vt 0.382813 0.968750
vt 0.390625 0.000000
vt 0.398438 0.031250
vt 0.390625 0.042101
vt 0.382813 0.031250
vt 0.398438 0.031250
vt 0.382813 0.031250
vt 0.390625 0.064815
vt 0.390625 0.468750
vt 0.390625 0.437500
vt 0.375000 0.468750
vt 0.375000 0.437500
vt 0.390625 0.905961
vt 0.390625 0.875000
vt 0.375000 0.906105
vt 0.375000 0.875000
vt 0.390625 0.406250
vt 0.390625 0.375000
vt 0.375000 0.406250
vt 0.375000 0.375000
vt 0.390625 0.843750
vt 0.390625 0.812500
vt 0.390625 0.875000
vt 0.375000 0.875000
vt 0.375000 0.843750
vt 0.375000 0.812500
vt 0.390625 0.343750
vt 0.390625 0.312500
vt 0.375000 0.343750
vt 0.375000 0.312500
vt 0.390625 0.781250
vt 0.390625 0.750000
vt 0.375000 0.781250
vt 0.375000 0.750000
vt 0.390625 0.281250
vt 0.390625 0.250000
vt 0.375000 0.281250
vt 0.375000 0.250000
vt 0.390625 0.718750
vt 0.390625 0.687500
vt 0.375000 0.718750
vt 0.375000 0.687500
vt 0.390625 0.218750
vt 0.390625 0.187500
vt 0.375000 0.218750
vt 0.375000 0.187500
vt 0.390625 0.656250
vt 0.375000 0.656250
vt 0.390625 0.156250
vt 0.390625 0.125000
vt 0.375000 0.156250
vt 0.375000 0.125000
vt 0.359375 0.343750
vt 0.359375 0.312500
vt 0.359375 0.375000
vt 0.343750 0.375000
vt 0.343750 0.343750
vt 0.343750 0.312500
vt 0.359375 0.781250
vt 0.359375 0.750000
vt 0.359375 0.812500
vt 0.343750 0.812500
vt 0.343750 0.781250
vt 0.343750 0.750000
vt 0.359375 0.281250
vt 0.359375 0.250000
vt 0.343750 0.281250
vt 0.343750 0.250000
vt 0.359375 0.718750
vt 0.359375 0.687500
vt 0.343750 0.718750
vt 0.343750 0.687500
vt 0.359375 0.218750
vt 0.359375 0.187500
vt 0.343750 0.218750
vt 0.343750 0.187500
vt 0.359375 0.656250
vt 0.359375 0.625000
vt 0.343750 0.656250
vt 0.343750 0.625000
vt 0.359375 0.156250
vt 0.359375 0.125000
vt 0.343750 0.156250
vt 0.343750 0.125000
vt 0.359375 0.593750
vt 0.359375 0.562500
vt 0.343750 0.593750
vt 0.343750 0.562500
vt 0.359375 0.094039
vt 0.359375 0.064815
vt 0.359375 0.125000
vt 0.343750 0.125000
vt 0.343750 0.093895
vt 0.343750 0.062500
vt 0.359375 0.531250
vt 0.359375 0.500000
vt 0.343750 0.531250
vt 0.343750 0.500000
vt 0.367188 0.968750
vt 0.359375 0.957899
vt 0.359375 0.935185
vt 0.359375 1.000000
vt 0.351563 0.968750
vt 0.367188 0.968750
vt 0.343750 0.937500
vt 0.359375 0.935185
vt 0.359375 0.000000
vt 0.367188 0.031250
vt 0.359375 0.042101
vt 0.351563 0.031250
vt 0.367188 0.031250
vt 0.351563 0.031250
vt 0.359375 0.468750
vt 0.359375 0.437500
vt 0.343750 0.468750
vt 0.343750 0.437500
vt 0.359375 0.905961
vt 0.359375 0.875000
vt 0.343750 0.906105
vt 0.343750 0.875000
vt 0.359375 0.406250
vt 0.343750 0.406250
vt 0.359375 0.843750
vt 0.359375 0.875000
vt 0.343750 0.875000
vt 0.343750 0.843750
vt 0.328125 0.094039
vt 0.328125 0.064815
vt 0.328125 0.125000
vt 0.312500 0.125000
vt 0.312500 0.093895
vt 0.312500 0.062500
vt 0.328125 0.531250
vt 0.328125 0.500000
vt 0.328125 0.562500
vt 0.312500 0.562500
vt 0.312500 0.531250
vt 0.312500 0.500000
vt 0.335938 0.968750
vt 0.328125 0.957899
vt 0.328125 0.935185
vt 0.328125 1.000000
vt 0.320313 0.968750
vt 0.335938 0.968750
vt 0.312500 0.937500
vt 0.328125 0.000000
vt 0.335938 0.031250
vt 0.328125 0.042101
vt 0.320313 0.031250
vt 0.335938 0.031250
vt 0.320313 0.031250
vt 0.328125 0.468750
vt 0.328125 0.437500
vt 0.312500 0.468750
vt 0.312500 0.437500
vt 0.328125 0.905961
vt 0.328125 0.875000
vt 0.312500 0.906105
vt 0.312500 0.875000
vt 0.328125 0.406250
vt 0.328125 0.375000
vt 0.312500 0.406250
vt 0.312500 0.375000
vt 0.328125 0.843750
vt 0.328125 0.812500
vt 0.328125 0.875000
vt 0.312500 0.875000
vt 0.312500 0.843750
vt 0.312500 0.812500
vt 0.328125 0.343750
vt 0.328125 0.312500
vt 0.312500 0.343750
vt 0.312500 0.312500
vt 0.328125 0.781250
vt 0.328125 0.750000
vt 0.312500 0.781250
vt 0.312500 0.750000
vt 0.328125 0.281250
vt 0.328125 0.250000
vt 0.312500 0.281250
vt 0.312500 0.250000
vt 0.328125 0.718750
vt 0.328125 0.687500
vt 0.312500 0.718750
vt 0.312500 0.687500
vt 0.328125 0.218750
vt 0.328125 0.187500
vt 0.312500 0.218750
vt 0.312500 0.187500
vt 0.328125 0.656250
vt 0.328125 0.625000
vt 0.312500 0.656250
vt 0.312500 0.625000
vt 0.328125 0.156250
vt 0.328125 0.125000
vt 0.312500 0.156250
vt 0.312500 0.125000
vt 0.328125 0.593750
vt 0.312500 0.593750
vt 0.296875 0.281250
vt 0.296875 0.250000
vt 0.296875 0.312500
vt 0.281250 0.312500
vt 0.281250 0.281250
vt 0.281250 0.250000
vt 0.296875 0.718750
vt 0.296875 0.687500
vt 0.296875 0.750000
vt 0.281250 0.750000
vt 0.281250 0.718750
vt 0.281250 0.687500
vt 0.296875 0.218750
vt 0.296875 0.187500
vt 0.281250 0.218750
vt 0.281250 0.187500
vt 0.296875 0.656250
vt 0.296875 0.625000
vt 0.281250 0.656250
vt 0.281250 0.625000
vt 0.296875 0.156250
vt 0.296875 0.125000
vt 0.281250 0.156250
vt 0.281250 0.125000
vt 0.296875 0.593750
vt 0.296875 0.562500
vt 0.281250 0.593750
vt 0.281250 0.562500
vt 0.296875 0.094039
vt 0.296875 0.064815
vt 0.281250 0.125000
vt 0.281250 0.093895
vt 0.281250 0.062500
vt 0.296875 0.531250
vt 0.296875 0.500000
vt 0.281250 0.531250
vt 0.281250 0.500000
vt 0.304688 0.968750
vt 0.296875 0.957899
vt 0.296875 0.935185
vt 0.296875 1.000000
vt 0.289063 0.968750
vt 0.304688 0.968750
vt 0.281250 0.937500
vt 0.296875 0.000000
vt 0.304688 0.031250
vt 0.296875 0.042101
vt 0.289063 0.031250
vt 0.296875 0.064815
vt 0.304688 0.031250
vt 0.289063 0.031250
vt 0.296875 0.064815
vt 0.296875 0.468750
vt 0.296875 0.437500
vt 0.281250 0.468750
vt 0.281250 0.437500
vt 0.296875 0.905961
vt 0.296875 0.875000
vt 0.281250 0.906105
vt 0.281250 0.875000
vt 0.296875 0.406250
vt 0.296875 0.375000
vt 0.281250 0.406250
vt 0.281250 0.375000
vt 0.296875 0.843750
vt 0.296875 0.812500
vt 0.296875 0.875000
vt 0.281250 0.875000
vt 0.281250 0.843750
vt 0.281250 0.812500
vt 0.296875 0.343750
vt 0.281250 0.343750
vt 0.296875 0.781250
vt 0.281250 0.781250
vt 0.273438 0.968750
vt 0.265625 0.957899
vt 0.265625 0.935185
vt 0.265625 1.000000
vt 0.257813 0.968750
vt 0.250000 0.937500
vt 0.265625 0.000000
vt 0.273438 0.031250
vt 0.265625 0.042101
vt 0.257813 0.031250
vt 0.265625 0.064815
vt 0.273438 0.031250
vt 0.250000 0.062500
vt 0.257813 0.031250
vt 0.265625 0.064815
vt 0.265625 0.468750
vt 0.265625 0.437500
vt 0.265625 0.500000
vt 0.250000 0.500000
vt 0.250000 0.468750
vt 0.250000 0.437500
vt 0.265625 0.905961
vt 0.265625 0.875000
vt 0.250000 0.906105
vt 0.250000 0.875000
vt 0.265625 0.406250
vt 0.265625 0.375000
vt 0.250000 0.406250
vt 0.250000 0.375000
vt 0.265625 0.843750
vt 0.265625 0.812500
vt 0.265625 0.875000
vt 0.250000 0.875000
vt 0.250000 0.843750
vt 0.250000 0.812500
vt 0.265625 0.343750
vt 0.265625 0.312500
vt 0.250000 0.343750
vt 0.250000 0.312500
vt 0.265625 0.781250
vt 0.265625 0.750000
vt 0.250000 0.781250
vt 0.250000 0.750000
vt 0.265625 0.281250
vt 0.265625 0.250000
vt 0.250000 0.281250
vt 0.250000 0.250000
vt 0.265625 0.718750
vt 0.265625 0.687500
vt 0.250000 0.718750
vt 0.250000 0.687500
vt 0.265625 0.218750
vt 0.265625 0.187500
vt 0.250000 0.218750
vt 0.250000 0.187500
vt 0.265625 0.656250
vt 0.265625 0.625000
vt 0.250000 0.656250
vt 0.250000 0.625000
vt 0.265625 0.156250
vt 0.265625 0.125000
vt 0.250000 0.156250
vt 0.250000 0.125000
vt 0.265625 0.593750
vt 0.265625 0.562500
vt 0.250000 0.593750
vt 0.250000 0.562500
vt 0.265625 0.094039
vt 0.265625 0.125000
vt 0.250000 0.125000
vt 0.250000 0.093895
vt 0.265625 0.531250
vt 0.250000 0.531250
vt 0.234375 0.718750
vt 0.234375 0.687500
vt 0.234375 0.750000
vt 0.218750 0.750000
vt 0.218750 0.718750
vt 0.218750 0.687500
vt 0.234375 0.218750
vt 0.234375 0.187500
vt 0.234375 0.250000
vt 0.218750 0.250000
vt 0.218750 0.218750
vt 0.218750 0.187500
vt 0.234375 0.656250
vt 0.234375 0.625000
vt 0.218750 0.656250
vt 0.218750 0.625000
vt 0.234375 0.156250
vt 0.234375 0.125000
vt 0.218750 0.156250
vt 0.218750 0.125000
vt 0.234375 0.593750
vt 0.234375 0.562500
vt 0.218750 0.593750
vt 0.218750 0.562500
vt 0.234375 0.094039
vt 0.234375 0.064815
vt 0.218750 0.125000
vt 0.218750 0.093895
vt 0.218750 0.062500
vt 0.234375 0.531250
vt 0.234375 0.500000
vt 0.218750 0.531250
vt 0.218750 0.500000
vt 0.242188 0.968750
vt 0.234375 0.957899
vt 0.234375 0.935185
vt 0.234375 1.000000
vt 0.226563 0.968750
vt 0.218750 0.937500
vt 0.234375 0.000000
vt 0.242188 0.031250
vt 0.234375 0.042101
vt 0.226563 0.031250
vt 0.242188 0.031250
vt 0.226563 0.031250
vt 0.234375 0.468750
vt 0.234375 0.437500
vt 0.218750 0.468750
vt 0.218750 0.437500
vt 0.234375 0.905961
vt 0.234375 0.875000
vt 0.218750 0.906105
vt 0.218750 0.875000
vt 0.234375 0.406250
vt 0.234375 0.375000
vt 0.218750 0.406250
vt 0.218750 0.375000
vt 0.234375 0.843750
vt 0.234375 0.812500
vt 0.234375 0.875000
vt 0.218750 0.875000
vt 0.218750 0.843750
vt 0.218750 0.812500
vt 0.234375 0.343750
vt 0.234375 0.312500
vt 0.218750 0.343750
vt 0.218750 0.312500
vt 0.234375 0.781250
vt 0.218750 0.781250
vt 0.234375 0.281250
vt 0.218750 0.281250
vt 0.203125 0.468750
vt 0.203125 0.437500
vt 0.203125 0.500000
vt 0.187500 0.500000
vt 0.187500 0.468750
vt 0.187500 0.437500
vt 0.203125 0.905961
vt 0.203125 0.875000
vt 0.203125 0.935185
vt 0.187500 0.937500
vt 0.187500 0.906105
vt 0.187500 0.875000
vt 0.203125 0.406250
vt 0.203125 0.375000
vt 0.187500 0.406250
vt 0.187500 0.375000
vt 0.203125 0.843750
vt 0.203125 0.812500
vt 0.203125 0.875000
vt 0.187500 0.875000
vt 0.187500 0.843750
vt 0.187500 0.812500
vt 0.203125 0.343750
vt 0.203125 0.312500
vt 0.187500 0.343750
vt 0.187500 0.312500
vt 0.203125 0.781250
vt 0.203125 0.750000
vt 0.187500 0.781250
vt 0.187500 0.750000
vt 0.203125 0.281250
vt 0.203125 0.250000
vt 0.187500 0.281250
vt 0.187500 0.250000
vt 0.203125 0.718750
vt 0.203125 0.687500
vt 0.187500 0.718750
vt 0.187500 0.687500
vt 0.203125 0.218750
vt 0.203125 0.187500
vt 0.187500 0.218750
vt 0.187500 0.187500
vt 0.203125 0.656250
vt 0.203125 0.625000
vt 0.187500 0.656250
vt 0.187500 0.625000
vt 0.203125 0.156250
vt 0.203125 0.125000
vt 0.187500 0.156250
vt 0.187500 0.125000
vt 0.203125 0.593750
vt 0.203125 0.562500
vt 0.187500 0.593750
vt 0.187500 0.562500
vt 0.203125 0.094039
vt 0.203125 0.064815
vt 0.203125 0.125000
vt 0.187500 0.093895
vt 0.187500 0.062500
vt 0.203125 0.531250
vt 0.187500 0.531250
vt 0.210938 0.968750
vt 0.203125 0.957899
vt 0.203125 1.000000
vt 0.195313 0.968750
vt 0.203125 0.935185
vt 0.195313 0.968750
vt 0.203125 0.000000
vt 0.210938 0.031250
vt 0.203125 0.042101
vt 0.195313 0.031250
vt 0.210938 0.031250
vt 0.195313 0.031250
vt 0.203125 0.064815
vt 0.171875 0.218750
vt 0.171875 0.187500
vt 0.171875 0.250000
vt 0.156250 0.250000
vt 0.156250 0.218750
vt 0.156250 0.187500
vt 0.171875 0.656250
vt 0.171875 0.625000
vt 0.171875 0.687500
vt 0.156250 0.687500
vt 0.156250 0.656250
vt 0.156250 0.625000
vt 0.171875 0.156250
vt 0.171875 0.125000
vt 0.156250 0.156250
vt 0.156250 0.125000
vt 0.171875 0.593750
vt 0.171875 0.562500
vt 0.156250 0.593750
vt 0.156250 0.562500
vt 0.171875 0.094039
vt 0.171875 0.064815
vt 0.171875 0.125000
vt 0.156250 0.125000
vt 0.156250 0.093895
vt 0.156250 0.062500
vt 0.171875 0.531250
vt 0.171875 0.500000
vt 0.156250 0.531250
vt 0.156250 0.500000
vt 0.179688 0.968750
vt 0.171875 0.957899
vt 0.171875 0.935185
vt 0.171875 1.000000
vt 0.164063 0.968750
vt 0.156250 0.937500
vt 0.171875 0.935185
vt 0.171875 0.000000
vt 0.179688 0.031250
vt 0.171875 0.042101
vt 0.164063 0.031250
vt 0.171875 0.064815
vt 0.179688 0.031250
vt 0.164063 0.031250
vt 0.171875 0.468750
vt 0.171875 0.437500
vt 0.156250 0.468750
vt 0.156250 0.437500
vt 0.171875 0.905961
vt 0.171875 0.875000
vt 0.156250 0.906105
vt 0.156250 0.875000
vt 0.171875 0.406250
vt 0.171875 0.375000
vt 0.156250 0.406250
vt 0.156250 0.375000
vt 0.171875 0.843750
vt 0.171875 0.812500
vt 0.171875 0.875000
vt 0.156250 0.875000
vt 0.156250 0.843750
vt 0.156250 0.812500
vt 0.171875 0.343750
vt 0.171875 0.312500
vt 0.156250 0.343750
vt 0.156250 0.312500
vt 0.171875 0.781250
vt 0.171875 0.750000
vt 0.156250 0.781250
vt 0.156250 0.750000
vt 0.171875 0.281250
vt 0.156250 0.281250
vt 0.171875 0.718750
vt 0.156250 0.718750
vt 0.140625 0.905961
vt 0.140625 0.875000
vt 0.140625 0.935185
vt 0.125000 0.937500
vt 0.125000 0.906105
vt 0.125000 0.875000
vt 0.140625 0.406250
vt 0.140625 0.375000
vt 0.140625 0.437500
vt 0.125000 0.437500
vt 0.125000 0.406250
vt 0.125000 0.375000
vt 0.140625 0.843750
vt 0.140625 0.812500
vt 0.140625 0.875000
vt 0.125000 0.875000
vt 0.125000 0.843750
vt 0.125000 0.812500
vt 0.140625 0.343750
vt 0.140625 0.312500
vt 0.125000 0.343750
vt 0.125000 0.312500
vt 0.140625 0.781250
vt 0.140625 0.750000
vt 0.125000 0.781250
vt 0.125000 0.750000
vt 0.140625 0.281250
vt 0.140625 0.250000
vt 0.125000 0.281250
vt 0.125000 0.250000
vt 0.140625 0.718750
vt 0.140625 0.687500
vt 0.125000 0.718750
vt 0.125000 0.687500
vt 0.140625 0.218750
vt 0.140625 0.187500
vt 0.125000 0.218750
vt 0.125000 0.187500
vt 0.140625 0.656250
vt 0.140625 0.625000
vt 0.125000 0.656250
vt 0.125000 0.625000
vt 0.140625 0.156250
vt 0.140625 0.125000
vt 0.125000 0.156250
vt 0.125000 0.125000
vt 0.140625 0.593750
vt 0.140625 0.562500
vt 0.125000 0.593750
vt 0.125000 0.562500
vt 0.140625 0.094039
vt 0.140625 0.064815
vt 0.140625 0.125000
vt 0.125000 0.125000
vt 0.125000 0.093895
vt 0.125000 0.062500
vt 0.140625 0.531250
vt 0.140625 0.500000
vt 0.125000 0.531250
vt 0.125000 0.500000
vt 0.148438 0.968750
vt 0.140625 0.957899
vt 0.140625 1.000000
vt 0.132813 0.968750
vt 0.140625 0.935185
vt 0.140625 0.000000
vt 0.148438 0.031250
vt 0.140625 0.042101
vt 0.132813 0.031250
vt 0.148438 0.031250
vt 0.132813 0.031250
vt 0.140625 0.064815
vt 0.140625 0.468750
vt 0.125000 0.468750
vt 0.109375 0.656250
vt 0.109375 0.625000
vt 0.109375 0.687500
vt 0.093750 0.687500
vt 0.093750 0.656250
vt 0.093750 0.625000
vt 0.109375 0.156250
vt 0.109375 0.125000
vt 0.109375 0.187500
vt 0.093750 0.187500
vt 0.093750 0.156250
vt 0.093750 0.125000
vt 0.109375 0.593750
vt 0.109375 0.562500
vt 0.093750 0.593750
vt 0.093750 0.562500
vt 0.109375 0.094039
vt 0.109375 0.064815
vt 0.109375 0.125000
vt 0.093750 0.125000
vt 0.093750 0.093895
vt 0.093750 0.062500
vt 0.109375 0.531250
vt 0.109375 0.500000
vt 0.093750 0.531250
vt 0.093750 0.500000
vt 0.117188 0.968750
vt 0.109375 0.957899
vt 0.109375 0.935185
vt 0.109375 1.000000
vt 0.101563 0.968750
vt 0.093750 0.937500
vt 0.101563 0.968750
vt 0.109375 0.000000
vt 0.117188 0.031250
vt 0.109375 0.042101
vt 0.101563 0.031250
vt 0.117188 0.031250
vt 0.101563 0.031250
vt 0.109375 0.468750
vt 0.109375 0.437500
vt 0.093750 0.468750
vt 0.093750 0.437500
vt 0.109375 0.905961
vt 0.109375 0.875000
vt 0.093750 0.906105
vt 0.093750 0.875000
vt 0.109375 0.406250
vt 0.109375 0.375000
vt 0.093750 0.406250
vt 0.093750 0.375000
vt 0.109375 0.843750
vt 0.109375 0.812500
vt 0.109375 0.875000
vt 0.093750 0.875000
vt 0.093750 0.843750
vt 0.093750 0.812500
vt 0.109375 0.343750
vt 0.109375 0.312500
vt 0.093750 0.343750
vt 0.093750 0.312500
vt 0.109375 0.781250
vt 0.109375 0.750000
vt 0.093750 0.781250
vt 0.093750 0.750000
vt 0.109375 0.281250
vt 0.109375 0.250000
vt 0.093750 0.281250
vt 0.093750 0.250000
vt 0.109375 0.718750
vt 0.093750 0.718750
vt 0.109375 0.218750
vt 0.093750 0.218750
vt 0.078125 0.406250
vt 0.078125 0.375000
vt 0.078125 0.437500
vt 0.062500 0.437500
vt 0.062500 0.406250
vt 0.062500 0.375000
vt 0.078125 0.843750
vt 0.078125 0.812500
vt 0.078125 0.875000
vt 0.062500 0.875000
vt 0.062500 0.843750
vt 0.062500 0.812500
vt 0.078125 0.343750
vt 0.078125 0.312500
vt 0.062500 0.343750
vt 0.062500 0.312500
vt 0.078125 0.781250
vt 0.078125 0.750000
vt 0.062500 0.781250
vt 0.062500 0.750000
vt 0.078125 0.281250
vt 0.078125 0.250000
vt 0.062500 0.281250
vt 0.062500 0.250000
vt 0.078125 0.718750
vt 0.078125 0.687500
vt 0.062500 0.718750
vt 0.062500 0.687500
vt 0.078125 0.218750
vt 0.078125 0.187500
vt 0.062500 0.218750
vt 0.062500 0.187500
vt 0.078125 0.656250
vt 0.078125 0.625000
vt 0.062500 0.656250
vt 0.062500 0.625000
vt 0.078125 0.156250
vt 0.078125 0.125000
vt 0.062500 0.156250
vt 0.062500 0.125000
vt 0.078125 0.593750
vt 0.078125 0.562500
vt 0.062500 0.593750
vt 0.062500 0.562500
vt 0.078125 0.094039
vt 0.078125 0.064815
vt 0.078125 0.125000
vt 0.062500 0.125000
vt 0.062500 0.093895
vt 0.062500 0.062500
vt 0.078125 0.531250
vt 0.078125 0.500000
vt 0.062500 0.531250
vt 0.062500 0.500000
vt 0.085938 0.968750
vt 0.078125 0.957899
vt 0.078125 0.935185
vt 0.078125 1.000000
vt 0.070313 0.968750
vt 0.062500 0.937500
vt 0.078125 0.935185
vt 0.078125 0.000000
vt 0.085938 0.031250
vt 0.078125 0.042101
vt 0.070313 0.031250
vt 0.085938 0.031250
vt 0.070313 0.031250
vt 0.078125 0.064815
vt 0.078125 0.468750
vt 0.062500 0.468750
vt 0.078125 0.905961
vt 0.078125 0.875000
vt 0.062500 0.906105
vt 0.062500 0.875000
vt 0.046875 0.156250
vt 0.046875 0.125000
vt 0.046875 0.187500
vt 0.031250 0.187500
vt 0.031250 0.156250
vt 0.031250 0.125000
vt 0.046875 0.593750
vt 0.046875 0.562500
vt 0.046875 0.625000
vt 0.031250 0.625000
vt 0.031250 0.593750
vt 0.031250 0.562500
vt 0.046875 0.094039
vt 0.046875 0.064815
vt 0.046875 0.125000
vt 0.031250 0.125000
vt 0.031250 0.093895
vt 0.031250 0.062500
vt 0.046875 0.531250
vt 0.046875 0.500000
vt 0.031250 0.531250
vt 0.031250 0.500000
vt 0.054687 0.968750
vt 0.046875 0.957899
vt 0.046875 0.935185
vt 0.046875 1.000000
vt 0.039062 0.968750
vt 0.031250 0.937500
vt 0.039062 0.968750
vt 0.046875 0.000000
vt 0.054687 0.031250
vt 0.046875 0.042101
vt 0.039062 0.031250
vt 0.054687 0.031250
vt 0.039062 0.031250
vt 0.046875 0.468750
vt 0.046875 0.437500
vt 0.031250 0.468750
vt 0.031250 0.437500
vt 0.046875 0.905961
vt 0.046875 0.875000
vt 0.031250 0.906105
vt 0.031250 0.875000
vt 0.046875 0.406250
vt 0.046875 0.375000
vt 0.031250 0.406250
vt 0.031250 0.375000
vt 0.046875 0.843750
vt 0.046875 0.812500
vt 0.046875 0.875000
vt 0.031250 0.875000
vt 0.031250 0.843750
vt 0.031250 0.812500
vt 0.046875 0.343750
vt 0.046875 0.312500
vt 0.031250 0.343750
vt 0.031250 0.312500
vt 0.046875 0.781250
vt 0.046875 0.750000
vt 0.031250 0.781250
vt 0.031250 0.750000
vt 0.046875 0.281250
vt 0.046875 0.250000
vt 0.031250 0.281250
vt 0.031250 0.250000
vt 0.046875 0.718750
vt 0.046875 0.687500
vt 0.031250 0.718750
vt 0.031250 0.687500
vt 0.046875 0.218750
vt 0.031250 0.218750
vt 0.046875 0.656250
vt 0.031250 0.656250
vt 0.031250 0.343750
vt 0.015625 0.343750
vt 0.015625 0.312500
vt 0.015625 0.375000
vt 0.000000 0.375000
vt 0.000000 0.343750
vt 0.000000 0.312500
vt 0.031250 0.750000
vt 0.031250 0.781250
vt 0.015625 0.781250
vt 0.015625 0.750000
vt 0.031250 0.812500
vt 0.015625 0.812500
vt 0.000000 0.812500
vt 0.000000 0.781250
vt 0.000000 0.750000
vt 0.031250 0.250000
vt 0.031250 0.281250
vt 0.015625 0.281250
vt 0.015625 0.250000
vt 0.000000 0.281250
vt 0.000000 0.250000
vt 0.031250 0.718750
vt 0.015625 0.718750
vt 0.015625 0.687500
vt 0.000000 0.718750
vt 0.000000 0.687500
vt 0.031250 0.187500
vt 0.031250 0.218750
vt 0.015625 0.218750
vt 0.015625 0.187500
vt 0.000000 0.218750
vt 0.000000 0.187500
vt 0.031250 0.625000
vt 0.031250 0.656250
vt 0.015625 0.656250
vt 0.015625 0.625000
vt 0.000000 0.656250
vt 0.000000 0.625000
vt 0.031250 0.156250
vt 0.015625 0.156250
vt 0.015625 0.125000
vt 0.000000 0.156250
vt 0.000000 0.125000
vt 0.031250 0.562500
vt 0.031250 0.593750
vt 0.015625 0.593750
vt 0.015625 0.562500
vt 0.000000 0.593750
vt 0.000000 0.562500
vt 0.015625 0.094039
vt 0.015625 0.064815
vt 0.000000 0.093750
vt 0.000000 0.062500
vt 0.031250 0.500000
vt 0.015625 0.531250
vt 0.015625 0.500000
vt 0.000000 0.531250
vt 0.000000 0.500000
vt 0.023438 0.968750
vt 0.015625 0.957899
vt 0.015625 0.935185
vt 0.015625 1.000000
vt 0.007813 0.968750
vt 0.023438 0.968750
vt 0.000000 0.937500
vt 0.015625 0.935185
vt 0.015625 0.000000
vt 0.023438 0.031250
vt 0.015625 0.042101
vt 0.007813 0.031250
vt 0.015625 0.064815
vt 0.023438 0.031250
vt 0.007813 0.031250
vt 0.031250 0.437500
vt 0.015625 0.468750
vt 0.015625 0.437500
vt 0.000000 0.468750
vt 0.000000 0.437500
vt 0.015625 0.905961
vt 0.015625 0.875000
vt 0.000000 0.906250
vt 0.000000 0.875000
vt 0.015625 0.406250
vt 0.000000 0.406250
vt 0.015625 0.843750
vt 0.000000 0.843750
vt 1.000000 0.062500
vt 1.000000 0.093750
vt 0.984375 0.094039
vt 0.984375 0.064815
vt 1.000000 0.125000
vt 0.984375 0.125000
vt 0.968750 0.125000
vt 0.968750 0.093895
vt 0.968750 0.062500
vt 1.000000 0.500000
vt 1.000000 0.531250
vt 0.984375 0.531250
vt 0.984375 0.500000
vt 1.000000 0.562500
vt 0.984375 0.562500
vt 0.968750 0.562500
vt 0.968750 0.531250
vt 0.968750 0.500000
vt 1.000000 0.937500
vt 0.992188 0.968750
vt 0.984375 0.957899
vt 0.984375 0.935185
vt 0.984375 1.000000
vt 0.976563 0.968750
vt 0.968750 0.937500
vt 0.984375 0.935185
vt 0.984375 0.000000
vt 0.992188 0.031250
vt 0.984375 0.042101
vt 0.976563 0.031250
vt 0.984375 0.064815
vt 0.992188 0.031250
vt 0.976563 0.031250
vt 1.000000 0.437500
vt 1.000000 0.468750
vt 0.984375 0.468750
vt 0.984375 0.437500
vt 0.968750 0.468750
vt 0.968750 0.437500
vt 1.000000 0.875000
vt 1.000000 0.906250
vt 0.984375 0.905961
vt 0.984375 0.875000
vt 0.968750 0.906105
vt 0.968750 0.875000
vt 1.000000 0.375000
vt 1.000000 0.406250
vt 0.984375 0.406250
vt 0.984375 0.375000
vt 0.968750 0.406250
vt 0.968750 0.375000
vt 1.000000 0.812500
vt 1.000000 0.843750
vt 0.984375 0.843750
vt 0.984375 0.812500
vt 0.968750 0.843750
vt 0.968750 0.812500
vt 1.000000 0.312500
vt 1.000000 0.343750
vt 0.984375 0.343750
vt 0.984375 0.312500
vt 0.968750 0.343750
vt 0.968750 0.312500
vt 1.000000 0.750000
vt 1.000000 0.781250
vt 0.984375 0.781250
vt 0.984375 0.750000
vt 0.968750 0.781250
vt 0.968750 0.750000
vt 1.000000 0.250000
vt 1.000000 0.281250
vt 0.984375 0.281250
vt 0.984375 0.250000
vt 0.968750 0.281250
vt 0.968750 0.250000
vt 1.000000 0.687500
vt 1.000000 0.718750
vt 0.984375 0.718750
vt 0.984375 0.687500
vt 0.968750 0.718750
vt 0.968750 0.687500
vt 1.000000 0.187500
vt 1.000000 0.218750
vt 0.984375 0.218750
vt 0.984375 0.187500
vt 0.968750 0.218750
vt 0.968750 0.187500
vt 1.000000 0.625000
vt 1.000000 0.656250
vt 0.984375 0.656250
vt 0.984375 0.625000
vt 0.968750 0.656250
vt 0.968750 0.625000
vt 1.000000 0.156250
vt 0.984375 0.156250
vt 0.968750 0.156250
vt 1.000000 0.593750
vt 0.984375 0.593750
vt 0.968750 0.593750
vt 0.968750 0.750000
vt 0.968750 0.781250
vt 0.953125 0.781250
vt 0.953125 0.750000
vt 0.968750 0.812500
vt 0.953125 0.812500
vt 0.937500 0.812500
vt 0.937500 0.781250
vt 0.937500 0.750000
vt 0.968750 0.250000
vt 0.953125 0.281250
vt 0.953125 0.250000
vt 0.968750 0.312500
vt 0.953125 0.312500
vt 0.937500 0.312500
vt 0.937500 0.281250
vt 0.937500 0.250000
vt 0.968750 0.687500
vt 0.968750 0.718750
vt 0.953125 0.718750
vt 0.953125 0.687500
vt 0.937500 0.718750
vt 0.937500 0.687500
vt 0.968750 0.187500
vt 0.968750 0.218750
vt 0.953125 0.218750
vt 0.953125 0.187500
vt 0.937500 0.218750
vt 0.937500 0.187500
vt 0.968750 0.625000
vt 0.968750 0.656250
vt 0.953125 0.656250
vt 0.953125 0.625000
vt 0.937500 0.656250
vt 0.937500 0.625000
vt 0.968750 0.125000
vt 0.968750 0.156250
vt 0.953125 0.156250
vt 0.953125 0.125000
vt 0.937500 0.156250
vt 0.937500 0.125000
vt 0.968750 0.562500
vt 0.968750 0.593750
vt 0.953125 0.593750
vt 0.953125 0.562500
vt 0.937500 0.593750
vt 0.937500 0.562500
vt 0.953125 0.094039
vt 0.953125 0.064815
vt 0.953125 0.125000
vt 0.937500 0.125000
vt 0.937500 0.093895
vt 0.937500 0.062500
vt 0.968750 0.500000
vt 0.953125 0.531250
vt 0.953125 0.500000
vt 0.937500 0.531250
vt 0.937500 0.500000
vt 0.960938 0.968750
vt 0.953125 0.957899
vt 0.953125 0.935185
vt 0.953125 1.000000
vt 0.945313 0.968750
vt 0.937500 0.937500
vt 0.953125 0.935185
vt 0.953125 0.000000
vt 0.960938 0.031250
vt 0.953125 0.042101
vt 0.945313 0.031250
vt 0.960938 0.031250
vt 0.945313 0.031250
vt 0.953125 0.064815
vt 0.968750 0.437500
vt 0.953125 0.468750
vt 0.953125 0.437500
vt 0.937500 0.468750
vt 0.937500 0.437500
vt 0.953125 0.905961
vt 0.953125 0.875000
vt 0.937500 0.906105
vt 0.937500 0.875000
vt 0.968750 0.375000
vt 0.953125 0.406250
vt 0.953125 0.375000
vt 0.937500 0.406250
vt 0.937500 0.375000
vt 0.968750 0.843750
vt 0.953125 0.843750
vt 0.968750 0.875000
vt 0.953125 0.875000
vt 0.937500 0.875000
vt 0.937500 0.843750
vt 0.968750 0.343750
vt 0.953125 0.343750
vt 0.937500 0.343750
vt 0.921875 0.531250
vt 0.921875 0.500000
vt 0.921875 0.562500
vt 0.906250 0.562500
vt 0.906250 0.531250
vt 0.906250 0.500000
vt 0.929688 0.968750
vt 0.921875 0.957899
vt 0.921875 0.935185
vt 0.921875 1.000000
vt 0.914063 0.968750
vt 0.906250 0.937500
vt 0.921875 0.935185
vt 0.921875 0.000000
vt 0.929688 0.031250
vt 0.921875 0.042101
vt 0.914063 0.031250
vt 0.921875 0.064815
vt 0.929688 0.031250
vt 0.906250 0.062500
vt 0.914063 0.031250
vt 0.921875 0.064815
vt 0.921875 0.468750
vt 0.921875 0.437500
vt 0.906250 0.468750
vt 0.906250 0.437500
vt 0.921875 0.905961
vt 0.921875 0.875000
vt 0.906250 0.906105
vt 0.906250 0.875000
vt 0.921875 0.406250
vt 0.921875 0.375000
vt 0.906250 0.406250
vt 0.906250 0.375000
vt 0.921875 0.843750
vt 0.921875 0.812500
vt 0.921875 0.875000
vt 0.906250 0.875000
vt 0.906250 0.843750
vt 0.906250 0.812500
vt 0.921875 0.343750
vt 0.921875 0.312500
vt 0.906250 0.343750
vt 0.906250 0.312500
vt 0.921875 0.781250
vt 0.921875 0.750000
vt 0.906250 0.781250
vt 0.906250 0.750000
vt 0.921875 0.281250
vt 0.921875 0.250000
vt 0.906250 0.281250
vt 0.906250 0.250000
vt 0.921875 0.718750
vt 0.921875 0.687500
vt 0.906250 0.718750
vt 0.906250 0.687500
vt 0.921875 0.218750
vt 0.921875 0.187500
vt 0.906250 0.218750
vt 0.906250 0.187500
vt 0.921875 0.656250
vt 0.921875 0.625000
vt 0.906250 0.656250
vt 0.906250 0.625000
vt 0.921875 0.156250
vt 0.921875 0.125000
vt 0.906250 0.156250
vt 0.906250 0.125000
vt 0.921875 0.593750
vt 0.906250 0.593750
vt 0.921875 0.094039
vt 0.921875 0.125000
vt 0.906250 0.125000
vt 0.906250 0.093895
vt 0.890625 0.281250
vt 0.890625 0.250000
vt 0.890625 0.312500
vt 0.875000 0.312500
vt 0.875000 0.281250
vt 0.875000 0.250000
vt 0.890625 0.718750
vt 0.890625 0.687500
vt 0.890625 0.750000
vt 0.875000 0.750000
vt 0.875000 0.718750
vt 0.875000 0.687500
vt 0.890625 0.218750
vt 0.890625 0.187500
vt 0.875000 0.218750
vt 0.875000 0.187500
vt 0.890625 0.656250
vt 0.890625 0.625000
vt 0.875000 0.656250
vt 0.875000 0.625000
vt 0.890625 0.156250
vt 0.890625 0.125000
vt 0.875000 0.156250
vt 0.875000 0.125000
vt 0.890625 0.593750
vt 0.890625 0.562500
vt 0.875000 0.593750
vt 0.875000 0.562500
vt 0.890625 0.094039
vt 0.890625 0.064815
vt 0.890625 0.125000
vt 0.875000 0.125000
vt 0.875000 0.093895
vt 0.875000 0.062500
vt 0.890625 0.531250
vt 0.890625 0.500000
vt 0.875000 0.531250
vt 0.875000 0.500000
vt 0.898438 0.968750
vt 0.890625 0.957899
vt 0.890625 0.935185
vt 0.890625 1.000000
vt 0.882813 0.968750
vt 0.875000 0.937500
vt 0.890625 0.935185
vt 0.890625 0.000000
vt 0.898438 0.031250
vt 0.890625 0.042101
vt 0.882813 0.031250
vt 0.898438 0.031250
vt 0.882813 0.031250
vt 0.890625 0.468750
vt 0.890625 0.437500
vt 0.875000 0.468750
vt 0.875000 0.437500
vt 0.890625 0.905961
vt 0.890625 0.875000
vt 0.875000 0.906105
vt 0.875000 0.875000
vt 0.890625 0.406250
vt 0.890625 0.375000
vt 0.875000 0.406250
vt 0.875000 0.375000
vt 0.890625 0.843750
vt 0.890625 0.812500
vt 0.890625 0.875000
vt 0.875000 0.875000
vt 0.875000 0.843750
vt 0.875000 0.812500
vt 0.890625 0.343750
vt 0.875000 0.343750
vt 0.890625 0.781250
vt 0.875000 0.781250
vt 0.867188 0.968750
vt 0.859375 0.957899
vt 0.859375 0.935185
vt 0.859375 1.000000
vt 0.851563 0.968750
vt 0.843750 0.937500
vt 0.851563 0.968750
vt 0.859375 0.000000
vt 0.867188 0.031250
vt 0.859375 0.042101
vt 0.851563 0.031250
vt 0.859375 0.064815
vt 0.867188 0.031250
vt 0.843750 0.062500
vt 0.851563 0.031250
vt 0.859375 0.468750
vt 0.859375 0.437500
vt 0.859375 0.500000
vt 0.843750 0.500000
vt 0.843750 0.468750
vt 0.843750 0.437500
vt 0.859375 0.905961
vt 0.859375 0.875000
vt 0.843750 0.906105
vt 0.843750 0.875000
vt 0.859375 0.406250
vt 0.859375 0.375000
vt 0.843750 0.406250
vt 0.843750 0.375000
vt 0.859375 0.843750
vt 0.859375 0.812500
vt 0.859375 0.875000
vt 0.843750 0.875000
vt 0.843750 0.843750
vt 0.843750 0.812500
vt 0.859375 0.343750
vt 0.859375 0.312500
vt 0.843750 0.343750
vt 0.843750 0.312500
vt 0.859375 0.781250
vt 0.859375 0.750000
vt 0.843750 0.781250
vt 0.843750 0.750000
vt 0.859375 0.281250
vt 0.859375 0.250000
vt 0.843750 0.281250
vt 0.843750 0.250000
vt 0.859375 0.718750
vt 0.859375 0.687500
vt 0.843750 0.718750
vt 0.843750 0.687500
vt 0.859375 0.218750
vt 0.859375 0.187500
vt 0.843750 0.218750
vt 0.843750 0.187500
vt 0.859375 0.656250
vt 0.859375 0.625000
vt 0.843750 0.656250
vt 0.843750 0.625000
vt 0.859375 0.156250
vt 0.859375 0.125000
vt 0.843750 0.156250
vt 0.843750 0.125000
vt 0.859375 0.593750
vt 0.859375 0.562500
vt 0.843750 0.593750
vt 0.843750 0.562500
vt 0.859375 0.094039
vt 0.843750 0.125000
vt 0.843750 0.093895
vt 0.859375 0.531250
vt 0.843750 0.531250
vt 0.828125 0.718750
vt 0.828125 0.687500
vt 0.828125 0.750000
vt 0.812500 0.750000
vt 0.812500 0.718750
vt 0.812500 0.687500
vt 0.828125 0.218750
vt 0.828125 0.187500
vt 0.828125 0.250000
vt 0.812500 0.250000
vt 0.812500 0.218750
vt 0.812500 0.187500
vt 0.828125 0.656250
vt 0.828125 0.625000
vt 0.812500 0.656250
vt 0.812500 0.625000
vt 0.828125 0.156250
vt 0.828125 0.125000
vt 0.812500 0.156250
vt 0.812500 0.125000
vt 0.828125 0.593750
vt 0.828125 0.562500
vt 0.812500 0.593750
vt 0.812500 0.562500
vt 0.828125 0.094039
vt 0.828125 0.064815
vt 0.828125 0.125000
vt 0.812500 0.125000
vt 0.812500 0.093895
vt 0.812500 0.062500
vt 0.828125 0.531250
vt 0.828125 0.500000
vt 0.812500 0.531250
vt 0.812500 0.500000
vt 0.835938 0.968750
vt 0.828125 0.957899
vt 0.828125 0.935185
vt 0.828125 1.000000
vt 0.820313 0.968750
vt 0.835938 0.968750
vt 0.812500 0.937500
vt 0.828125 0.935185
vt 0.828125 0.000000
vt 0.835938 0.031250
vt 0.828125 0.042101
vt 0.820313 0.031250
vt 0.828125 0.064815
vt 0.835938 0.031250
vt 0.828125 0.064815
vt 0.828125 0.468750
vt 0.828125 0.437500
vt 0.812500 0.468750
vt 0.812500 0.437500
vt 0.828125 0.905961
vt 0.828125 0.875000
vt 0.812500 0.906105
vt 0.812500 0.875000
vt 0.828125 0.406250
vt 0.828125 0.375000
vt 0.812500 0.406250
vt 0.812500 0.375000
vt 0.828125 0.843750
vt 0.828125 0.812500
vt 0.828125 0.875000
vt 0.812500 0.875000
vt 0.812500 0.843750
vt 0.812500 0.812500
vt 0.828125 0.343750
vt 0.828125 0.312500
vt 0.812500 0.343750
vt 0.812500 0.312500
vt 0.828125 0.781250
vt 0.812500 0.781250
vt 0.828125 0.281250
vt 0.812500 0.281250
vt 0.796875 0.468750
vt 0.796875 0.437500
vt 0.796875 0.500000
vt 0.781250 0.500000
vt 0.781250 0.468750
vt 0.781250 0.437500
vt 0.796875 0.905961
vt 0.796875 0.875000
vt 0.796875 0.935185
vt 0.781250 0.937500
vt 0.781250 0.906105
vt 0.781250 0.875000
vt 0.796875 0.406250
vt 0.796875 0.375000
vt 0.781250 0.406250
vt 0.781250 0.375000
vt 0.796875 0.843750
vt 0.796875 0.812500
vt 0.796875 0.875000
vt 0.781250 0.875000
vt 0.781250 0.843750
vt 0.781250 0.812500
vt 0.796875 0.343750
vt 0.796875 0.312500
vt 0.781250 0.343750
vt 0.781250 0.312500
vt 0.796875 0.781250
vt 0.796875 0.750000
vt 0.781250 0.781250
vt 0.781250 0.750000
vt 0.796875 0.281250
vt 0.796875 0.250000
vt 0.781250 0.281250
vt 0.781250 0.250000
vt 0.796875 0.718750
vt 0.796875 0.687500
vt 0.781250 0.718750
vt 0.781250 0.687500
vt 0.796875 0.218750
vt 0.796875 0.187500
vt 0.781250 0.218750
vt 0.781250 0.187500
vt 0.796875 0.656250
vt 0.796875 0.625000
vt 0.781250 0.656250
vt 0.781250 0.625000
vt 0.796875 0.156250
vt 0.796875 0.125000
vt 0.781250 0.156250
vt 0.781250 0.125000
vt 0.796875 0.593750
vt 0.796875 0.562500
vt 0.781250 0.593750
vt 0.781250 0.562500
vt 0.796875 0.094039
vt 0.796875 0.064815
vt 0.796875 0.125000
vt 0.781250 0.125000
vt 0.781250 0.093895
vt 0.781250 0.062500
vt 0.796875 0.531250
vt 0.781250 0.531250
vt 0.804688 0.968750
vt 0.796875 0.957899
vt 0.796875 1.000000
vt 0.789063 0.968750
vt 0.804688 0.968750
vt 0.796875 0.935185
vt 0.789063 0.968750
vt 0.796875 0.000000
vt 0.804688 0.031250
vt 0.796875 0.042101
vt 0.789063 0.031250
vt 0.804688 0.031250
vt 0.789063 0.031250
vt 0.765625 0.218750
vt 0.765625 0.187500
vt 0.765625 0.250000
vt 0.765625 0.656250
vt 0.765625 0.625000
vt 0.765625 0.687500
vt 0.765625 0.156250
vt 0.765625 0.125000
vt 0.765625 0.593750
vt 0.765625 0.562500
vt 0.765625 0.094039
vt 0.765625 0.064815
vt 0.765625 0.531250
vt 0.765625 0.500000
vt 0.773438 0.968750
vt 0.765625 0.957899
vt 0.765625 0.935185
vt 0.765625 1.000000
vt 0.757813 0.968750
vt 0.757813 0.968750
vt 0.765625 0.000000
vt 0.773438 0.031250
vt 0.765625 0.042101
vt 0.757813 0.031250
vt 0.765625 0.064815
vt 0.757813 0.031250
vt 0.765625 0.064815
vt 0.765625 0.468750
vt 0.765625 0.437500
vt 0.765625 0.905961
vt 0.765625 0.875000
vt 0.765625 0.406250
vt 0.765625 0.375000
vt 0.765625 0.843750
vt 0.765625 0.812500
vt 0.765625 0.875000
vt 0.765625 0.343750
vt 0.765625 0.312500
vt 0.765625 0.781250
vt 0.765625 0.750000
vt 0.765625 0.281250
vt 0.765625 0.718750
s 1
f 480/1/480 1376/2/1376 1475/3/1475 1400/4/1400
f 1376/2/1376 479/5/479 1401/6/1401 1475/3/1475
f 1475/3/1475 1401/6/1401 20/7/20 496/8/496
f 1400/4/1400 1475/3/1475 496/8/496 21/9/21
f 477/10/477 1392/11/1392 1476/12/1476 1402/13/1402
f 1392/11/1392 3/14/3 499/15/499 1476/12/1476
f 1476/12/1476 499/15/499 13/16/13 489/17/489
f 1402/13/1402 1476/12/1476 489/17/489 14/18/14
f 481/19/481 1377/20/1377 1477/21/1477 1403/22/1403
f 1377/20/1377 480/1/480 1400/4/1400 1477/21/1477
f 1477/21/1477 1400/4/1400 21/9/21 497/23/497
f 1403/22/1403 1477/21/1477 497/23/497 22/24/22
f 4/25/4 1393/26/1393 1478/27/1478 500/28/500
f 1393/26/1393 477/10/477 1402/13/1402 1478/27/1478
f 1478/27/1478 1402/13/1402 14/18/14 490/29/490
f 500/28/500 1478/27/1478 490/29/490 15/30/15
f 482/31/482 1378/32/1378 1479/33/1479 1404/34/1404
f 1378/32/1378 481/35/481 1403/22/1403 1479/33/1479
f 1479/33/1479 1403/22/1403 22/36/22 498/37/498
f 1404/34/1404 1479/33/1479 498/37/498 23/38/23
f 5/39/5 483/40/483 1480/41/1480 501/42/501
f 483/40/483 4/25/4 500/28/500 1480/41/1480
f 1480/41/1480 500/28/500 15/30/15 491/43/491
f 501/42/501 1480/41/1480 491/43/491 16/44/16
f 474/45/474 1388/46/1388 1481/47/1481 1405/48/1405
f 1/49/1 1398/50/1398 1481/47/1481 1388/51/1388
f 9/52/9 1405/53/1405 1481/47/1481 1398/50/1398
f 8/54/8 1397/55/1397 1482/56/1482 1399/57/1399
f 482/31/482 1404/58/1404 1482/56/1482 1397/59/1397
f 23/38/23 1399/60/1399 1482/56/1482 1404/61/1404
f 6/62/6 484/63/484 1483/64/1483 502/65/502
f 484/63/484 5/39/5 501/42/501 1483/64/1483
f 1483/64/1483 501/42/501 16/44/16 492/66/492
f 502/65/502 1483/64/1483 492/66/492 17/67/17
f 475/68/475 1375/69/1375 1484/70/1484 1406/71/1406
f 1375/69/1375 474/45/474 1405/48/1405 1484/70/1484
f 1484/70/1484 1405/48/1405 9/52/9 485/72/485
f 1406/71/1406 1484/70/1484 485/72/485 10/73/10
f 478/74/478 1394/75/1394 1485/76/1485 1407/77/1407
f 1394/75/1394 6/62/6 502/65/502 1485/76/1485
f 1485/76/1485 502/65/502 17/67/17 493/78/493
f 1407/77/1407 1485/76/1485 493/78/493 18/79/18
f 2/80/2 1389/81/1389 1486/82/1486 503/83/503
f 1389/81/1389 475/84/475 1406/85/1406 1486/82/1486
f 1486/82/1486 1406/85/1406 10/86/10 486/87/486
f 503/83/503 1486/82/1486 486/87/486 11/88/11
f 7/89/7 1395/90/1395 1487/91/1487 504/92/504
f 1395/90/1395 478/74/478 1407/77/1407 1487/91/1487
f 1487/91/1487 1407/77/1407 18/79/18 494/93/494
f 504/92/504 1487/91/1487 494/93/494 19/94/19
f 476/95/476 1390/96/1390 1488/97/1488 1408/98/1408
f 1390/96/1390 2/80/2 503/83/503 1488/97/1488
f 1488/97/1488 503/83/503 11/88/11 487/99/487
f 1408/98/1408 1488/97/1488 487/99/487 12/100/12
f 479/5/479 1396/101/1396 1489/102/1489 1401/6/1401
f 1396/101/1396 7/89/7 504/92/504 1489/102/1489
f 1489/102/1489 504/92/504 19/94/19 495/103/495
f 1401/6/1401 1489/102/1489 495/103/495 20/7/20
f 3/14/3 1391/104/1391 1490/105/1490 499/15/499
f 1391/104/1391 476/95/476 1408/98/1408 1490/105/1490
f 1490/105/1490 1408/98/1408 12/100/12 488/106/488
f 499/15/499 1490/105/1490 488/106/488 13/16/13
f 12/100/12 487/99/487 1491/107/1491 519/108/519
f 487/99/487 11/88/11 520/109/520 1491/107/1491
f 1491/107/1491 520/109/520 26/110/26 507/111/507
f 519/108/519 1491/107/1491 507/111/507 27/112/27
f 20/7/20 495/103/495 1492/113/1492 521/114/521
f 495/103/495 19/94/19 522/115/522 1492/113/1492
f 1492/113/1492 522/115/522 34/116/34 515/117/515
f 521/114/521 1492/113/1492 515/117/515 35/118/35
f 13/16/13 488/106/488 1493/119/1493 523/120/523
f 488/106/488 12/100/12 519/108/519 1493/119/1493
f 1493/119/1493 519/108/519 27/112/27 508/121/508
f 523/120/523 1493/119/1493 508/121/508 28/122/28
f 21/9/21 496/8/496 1494/123/1494 524/124/524
f 496/8/496 20/7/20 521/114/521 1494/123/1494
f 1494/123/1494 521/114/521 35/118/35 516/125/516
f 524/124/524 1494/123/1494 516/125/516 36/126/36
f 14/18/14 489/17/489 1495/127/1495 525/128/525
f 489/17/489 13/16/13 523/120/523 1495/127/1495
f 1495/127/1495 523/120/523 28/122/28 509/129/509
f 525/128/525 1495/127/1495 509/129/509 29/130/29
f 22/24/22 497/23/497 1496/131/1496 526/132/526
f 497/23/497 21/9/21 524/124/524 1496/131/1496
f 1496/131/1496 524/124/524 36/126/36 517/133/517
f 526/132/526 1496/131/1496 517/133/517 37/134/37
f 15/30/15 490/29/490 1497/135/1497 527/136/527
f 490/29/490 14/18/14 525/128/525 1497/135/1497
f 1497/135/1497 525/128/525 29/130/29 510/137/510
f 527/136/527 1497/135/1497 510/137/510 30/138/30
f 23/38/23 498/37/498 1498/139/1498 528/140/528
f 498/37/498 22/36/22 526/132/526 1498/139/1498
f 1498/139/1498 526/132/526 37/141/37 518/142/518
f 528/140/528 1498/139/1498 518/142/518 38/143/38
f 16/44/16 491/43/491 1499/144/1499 529/145/529
f 491/43/491 15/30/15 527/136/527 1499/144/1499
f 1499/144/1499 527/136/527 30/138/30 511/146/511
f 529/145/529 1499/144/1499 511/146/511 31/147/31
f 9/52/9 1398/148/1398 1500/149/1500 530/150/530
f 1/151/1 1409/152/1409 1500/149/1500 1398/153/1398
f 24/154/24 530/155/530 1500/149/1500 1409/156/1409
f 8/157/8 1399/158/1399 1501/159/1501 1410/160/1410
f 23/38/23 528/140/528 1501/159/1501 1399/161/1399
f 38/143/38 1410/162/1410 1501/159/1501 528/163/528
f 17/67/17 492/66/492 1502/164/1502 531/165/531
f 492/66/492 16/44/16 529/145/529 1502/164/1502
f 1502/164/1502 529/145/529 31/147/31 512/166/512
f 531/165/531 1502/164/1502 512/166/512 32/167/32
f 10/73/10 485/72/485 1503/168/1503 532/169/532
f 485/72/485 9/52/9 530/150/530 1503/168/1503
f 1503/168/1503 530/150/530 24/154/24 505/170/505
f 532/169/532 1503/168/1503 505/170/505 25/171/25
f 18/79/18 493/78/493 1504/172/1504 533/173/533
f 493/78/493 17/67/17 531/165/531 1504/172/1504
f 1504/172/1504 531/165/531 32/167/32 513/174/513
f 533/173/533 1504/172/1504 513/174/513 33/175/33
f 11/88/11 486/87/486 1505/176/1505 520/109/520
f 486/87/486 10/86/10 532/177/532 1505/176/1505
f 1505/176/1505 532/177/532 25/178/25 506/179/506
f 520/109/520 1505/176/1505 506/179/506 26/110/26
f 19/94/19 494/93/494 1506/180/1506 522/115/522
f 494/93/494 18/79/18 533/173/533 1506/180/1506
f 1506/180/1506 533/173/533 33/175/33 514/181/514
f 522/115/522 1506/180/1506 514/181/514 34/116/34
f 31/147/31 511/146/511 1507/182/1507 548/183/548
f 511/146/511 30/138/30 549/184/549 1507/182/1507
f 1507/182/1507 549/184/549 45/185/45 540/186/540
f 548/183/548 1507/182/1507 540/186/540 46/187/46
f 24/154/24 1409/188/1409 1508/189/1508 550/190/550
f 1/191/1 1411/192/1411 1508/189/1508 1409/193/1409
f 39/194/39 550/195/550 1508/189/1508 1411/192/1411
f 8/196/8 1410/197/1410 1509/198/1509 1412/199/1412
f 38/143/38 551/200/551 1509/198/1509 1410/201/1410
f 53/202/53 1412/203/1412 1509/198/1509 551/204/551
f 32/167/32 512/166/512 1510/205/1510 552/206/552
f 512/166/512 31/147/31 548/183/548 1510/205/1510
f 1510/205/1510 548/183/548 46/187/46 541/207/541
f 552/206/552 1510/205/1510 541/207/541 47/208/47
f 25/171/25 505/170/505 1511/209/1511 553/210/553
f 505/170/505 24/154/24 550/190/550 1511/209/1511
f 1511/209/1511 550/190/550 39/194/39 534/211/534
f 553/210/553 1511/209/1511 534/211/534 40/212/40
f 33/175/33 513/174/513 1512/213/1512 554/214/554
f 513/174/513 32/167/32 552/206/552 1512/213/1512
f 1512/213/1512 552/206/552 47/208/47 542/215/542
f 554/214/554 1512/213/1512 542/215/542 48/216/48
f 26/110/26 506/179/506 1513/217/1513 555/218/555
f 506/179/506 25/178/25 553/219/553 1513/217/1513
f 1513/217/1513 553/219/553 40/220/40 535/221/535
f 555/218/555 1513/217/1513 535/221/535 41/222/41
f 34/116/34 514/181/514 1514/223/1514 556/224/556
f 514/181/514 33/175/33 554/214/554 1514/223/1514
f 1514/223/1514 554/214/554 48/216/48 543/225/543
f 556/224/556 1514/223/1514 543/225/543 49/226/49
f 27/112/27 507/111/507 1515/227/1515 557/228/557
f 507/111/507 26/110/26 555/218/555 1515/227/1515
f 1515/227/1515 555/218/555 41/222/41 536/229/536
f 557/228/557 1515/227/1515 536/229/536 42/230/42
f 35/118/35 515/117/515 1516/231/1516 558/232/558
f 515/117/515 34/116/34 556/224/556 1516/231/1516
f 1516/231/1516 556/224/556 49/226/49 544/233/544
f 558/232/558 1516/231/1516 544/233/544 50/234/50
f 28/122/28 508/121/508 1517/235/1517 559/236/559
f 508/121/508 27/112/27 557/228/557 1517/235/1517
f 1517/235/1517 557/228/557 42/230/42 537/237/537
f 559/236/559 1517/235/1517 537/237/537 43/238/43
f 36/126/36 516/125/516 1518/239/1518 560/240/560
f 516/125/516 35/118/35 558/232/558 1518/239/1518
f 1518/239/1518 558/232/558 50/234/50 545/241/545
f 560/240/560 1518/239/1518 545/241/545 51/242/51
f 29/130/29 509/129/509 1519/243/1519 561/244/561
f 509/129/509 28/122/28 559/236/559 1519/243/1519
f 1519/243/1519 559/236/559 43/238/43 538/245/538
f 561/244/561 1519/243/1519 538/245/538 44/246/44
f 37/134/37 517/133/517 1520/247/1520 562/248/562
f 517/133/517 36/126/36 560/240/560 1520/247/1520
f 1520/247/1520 560/240/560 51/242/51 546/249/546
f 562/248/562 1520/247/1520 546/249/546 52/250/52
f 30/138/30 510/137/510 1521/251/1521 549/184/549
f 510/137/510 29/130/29 561/244/561 1521/251/1521
f 1521/251/1521 561/244/561 44/246/44 539/252/539
f 549/184/549 1521/251/1521 539/252/539 45/185/45
f 38/143/38 518/142/518 1522/253/1522 551/254/551
f 518/142/518 37/141/37 562/255/562 1522/253/1522
f 1522/253/1522 562/255/562 52/256/52 547/257/547
f 551/254/551 1522/253/1522 547/257/547 53/202/53
f 50/234/50 544/233/544 1523/258/1523 577/259/577
f 544/233/544 49/226/49 578/260/578 1523/258/1523
f 1523/258/1523 578/260/578 64/261/64 573/262/573
f 577/259/577 1523/258/1523 573/262/573 65/263/65
f 43/238/43 537/237/537 1524/264/1524 579/265/579
f 537/237/537 42/230/42 580/266/580 1524/264/1524
f 1524/264/1524 580/266/580 57/267/57 566/268/566
f 579/265/579 1524/264/1524 566/268/566 58/269/58
f 51/242/51 545/241/545 1525/270/1525 581/271/581
f 545/241/545 50/234/50 577/259/577 1525/270/1525
f 1525/270/1525 577/259/577 65/263/65 574/272/574
f 581/271/581 1525/270/1525 574/272/574 66/273/66
f 44/246/44 538/245/538 1526/274/1526 582/275/582
f 538/245/538 43/238/43 579/265/579 1526/274/1526
f 1526/274/1526 579/265/579 58/269/58 567/276/567
f 582/275/582 1526/274/1526 567/276/567 59/277/59
f 52/250/52 546/249/546 1527/278/1527 583/279/583
f 546/249/546 51/242/51 581/271/581 1527/278/1527
f 1527/278/1527 581/271/581 66/273/66 575/280/575
f 583/279/583 1527/278/1527 575/280/575 67/281/67
f 45/185/45 539/252/539 1528/282/1528 584/283/584
f 539/252/539 44/246/44 582/275/582 1528/282/1528
f 1528/282/1528 582/275/582 59/277/59 568/284/568
f 584/283/584 1528/282/1528 568/284/568 60/285/60
f 53/202/53 547/257/547 1529/286/1529 585/287/585
f 547/257/547 52/256/52 583/288/583 1529/286/1529
f 1529/286/1529 583/288/583 67/289/67 576/290/576
f 585/287/585 1529/286/1529 576/290/576 68/291/68
f 46/187/46 540/186/540 1530/292/1530 586/293/586
f 540/186/540 45/185/45 584/283/584 1530/292/1530
f 1530/292/1530 584/283/584 60/285/60 569/294/569
f 586/293/586 1530/292/1530 569/294/569 61/295/61
f 39/194/39 1411/296/1411 1531/297/1531 587/298/587
f 1/299/1 1413/300/1413 1531/297/1531 1411/301/1411
f 54/302/54 587/303/587 1531/297/1531 1413/304/1413
f 8/305/8 1412/306/1412 1532/307/1532 1414/308/1414
f 53/202/53 585/309/585 1532/307/1532 1412/310/1412
f 68/291/68 1414/311/1414 1532/307/1532 585/312/585
f 47/208/47 541/207/541 1533/313/1533 588/314/588
f 541/207/541 46/187/46 586/293/586 1533/313/1533
f 1533/313/1533 586/293/586 61/295/61 570/315/570
f 588/314/588 1533/313/1533 570/315/570 62/316/62
f 40/212/40 534/211/534 1534/317/1534 589/318/589
f 534/211/534 39/194/39 587/298/587 1534/317/1534
f 1534/317/1534 587/298/587 54/302/54 563/319/563
f 589/318/589 1534/317/1534 563/319/563 55/320/55
f 48/216/48 542/215/542 1535/321/1535 590/322/590
f 542/215/542 47/208/47 588/314/588 1535/321/1535
f 1535/321/1535 588/314/588 62/316/62 571/323/571
f 590/322/590 1535/321/1535 571/323/571 63/324/63
f 41/222/41 535/221/535 1536/325/1536 591/326/591
f 535/221/535 40/220/40 589/327/589 1536/325/1536
f 1536/325/1536 589/327/589 55/328/55 564/329/564
f 591/326/591 1536/325/1536 564/329/564 56/330/56
f 49/226/49 543/225/543 1537/331/1537 578/260/578
f 543/225/543 48/216/48 590/322/590 1537/331/1537
f 1537/331/1537 590/322/590 63/324/63 572/332/572
f 578/260/578 1537/331/1537 572/332/572 64/261/64
f 42/230/42 536/229/536 1538/333/1538 580/266/580
f 536/229/536 41/222/41 591/326/591 1538/333/1538
f 1538/333/1538 591/326/591 56/330/56 565/334/565
f 580/266/580 1538/333/1538 565/334/565 57/267/57
f 8/335/8 1414/336/1414 1539/337/1539 1416/338/1416
f 68/291/68 606/339/606 1539/337/1539 1414/340/1414
f 83/341/83 1416/342/1416 1539/337/1539 606/339/606
f 62/316/62 570/315/570 1540/343/1540 607/344/607
f 570/315/570 61/295/61 608/345/608 1540/343/1540
f 1540/343/1540 608/345/608 76/346/76 599/347/599
f 607/344/607 1540/343/1540 599/347/599 77/348/77
f 55/320/55 563/319/563 1541/349/1541 609/350/609
f 563/319/563 54/302/54 610/351/610 1541/349/1541
f 1541/349/1541 610/351/610 69/352/69 592/353/592
f 609/350/609 1541/349/1541 592/353/592 70/354/70
f 63/324/63 571/323/571 1542/355/1542 611/356/611
f 571/323/571 62/316/62 607/344/607 1542/355/1542
f 1542/355/1542 607/344/607 77/348/77 600/357/600
f 611/356/611 1542/355/1542 600/357/600 78/358/78
f 56/330/56 564/329/564 1543/359/1543 612/360/612
f 564/329/564 55/328/55 609/361/609 1543/359/1543
f 1543/359/1543 609/361/609 70/362/70 593/363/593
f 612/360/612 1543/359/1543 593/363/593 71/364/71
f 64/261/64 572/332/572 1544/365/1544 613/366/613
f 572/332/572 63/324/63 611/356/611 1544/365/1544
f 1544/365/1544 611/356/611 78/358/78 601/367/601
f 613/366/613 1544/365/1544 601/367/601 79/368/79
f 57/267/57 565/334/565 1545/369/1545 614/370/614
f 565/334/565 56/330/56 612/360/612 1545/369/1545
f 1545/369/1545 612/360/612 71/364/71 594/371/594
f 614/370/614 1545/369/1545 594/371/594 72/372/72
f 65/263/65 573/262/573 1546/373/1546 615/374/615
f 573/262/573 64/261/64 613/366/613 1546/373/1546
f 1546/373/1546 613/366/613 79/368/79 602/375/602
f 615/374/615 1546/373/1546 602/375/602 80/376/80
f 58/269/58 566/268/566 1547/377/1547 616/378/616
f 566/268/566 57/267/57 614/370/614 1547/377/1547
f 1547/377/1547 614/370/614 72/372/72 595/379/595
f 616/378/616 1547/377/1547 595/379/595 73/380/73
f 66/273/66 574/272/574 1548/381/1548 617/382/617
f 574/272/574 65/263/65 615/374/615 1548/381/1548
f 1548/381/1548 615/374/615 80/376/80 603/383/603
f 617/382/617 1548/381/1548 603/383/603 81/384/81
f 59/277/59 567/276/567 1549/385/1549 618/386/618
f 567/276/567 58/269/58 616/378/616 1549/385/1549
f 1549/385/1549 616/378/616 73/380/73 596/387/596
f 618/386/618 1549/385/1549 596/387/596 74/388/74
f 67/281/67 575/280/575 1550/389/1550 619/390/619
f 575/280/575 66/273/66 617/382/617 1550/389/1550
f 1550/389/1550 617/382/617 81/384/81 604/391/604
f 619/390/619 1550/389/1550 604/391/604 82/392/82
f 60/285/60 568/284/568 1551/393/1551 620/394/620
f 568/284/568 59/277/59 618/386/618 1551/393/1551
f 1551/393/1551 618/386/618 74/388/74 597/395/597
f 620/394/620 1551/393/1551 597/395/597 75/396/75
f 68/291/68 576/290/576 1552/397/1552 606/398/606
f 576/290/576 67/289/67 619/390/619 1552/397/1552
f 1552/397/1552 619/390/619 82/399/82 605/400/605
f 606/398/606 1552/397/1552 605/400/605 83/341/83
f 61/295/61 569/294/569 1553/401/1553 608/345/608
f 569/294/569 60/285/60 620/394/620 1553/401/1553
f 1553/401/1553 620/394/620 75/396/75 598/402/598
f 608/345/608 1553/401/1553 598/402/598 76/346/76
f 54/302/54 1413/403/1413 1554/404/1554 610/351/610
f 1/405/1 1415/406/1415 1554/404/1554 1413/403/1413
f 69/352/69 610/351/610 1554/404/1554 1415/407/1415
f 81/384/81 603/383/603 1555/408/1555 635/409/635
f 603/383/603 80/376/80 636/410/636 1555/408/1555
f 1555/408/1555 636/410/636 95/411/95 632/412/632
f 635/409/635 1555/408/1555 632/412/632 96/413/96
f 74/388/74 596/387/596 1556/414/1556 637/415/637
f 596/387/596 73/380/73 638/416/638 1556/414/1556
f 1556/414/1556 638/416/638 88/417/88 625/418/625
f 637/415/637 1556/414/1556 625/418/625 89/419/89
f 82/392/82 604/391/604 1557/420/1557 639/421/639
f 604/391/604 81/384/81 635/409/635 1557/420/1557
f 1557/420/1557 635/409/635 96/413/96 633/422/633
f 639/421/639 1557/420/1557 633/422/633 97/423/97
f 75/396/75 597/395/597 1558/424/1558 640/425/640
f 597/395/597 74/388/74 637/415/637 1558/424/1558
f 1558/424/1558 637/415/637 89/419/89 626/426/626
f 640/425/640 1558/424/1558 626/426/626 90/427/90
f 83/341/83 605/400/605 1559/428/1559 641/429/641
f 605/400/605 82/399/82 639/430/639 1559/428/1559
f 1559/428/1559 639/430/639 97/431/97 634/432/634
f 641/429/641 1559/428/1559 634/432/634 98/433/98
f 76/346/76 598/402/598 1560/434/1560 642/435/642
f 598/402/598 75/396/75 640/425/640 1560/434/1560
f 1560/434/1560 640/425/640 90/427/90 627/436/627
f 642/435/642 1560/434/1560 627/436/627 91/437/91
f 69/352/69 1415/438/1415 1561/439/1561 643/440/643
f 1/441/1 1417/442/1417 1561/439/1561 1415/438/1415
f 84/443/84 643/444/643 1561/439/1561 1417/442/1417
f 8/445/8 1416/446/1416 1562/447/1562 1418/448/1418
f 83/341/83 641/449/641 1562/447/1562 1416/450/1416
f 98/433/98 1418/451/1418 1562/447/1562 641/429/641
f 77/348/77 599/347/599 1563/452/1563 644/453/644
f 599/347/599 76/346/76 642/435/642 1563/452/1563
f 1563/452/1563 642/435/642 91/437/91 628/454/628
f 644/453/644 1563/452/1563 628/454/628 92/455/92
f 70/354/70 592/353/592 1564/456/1564 645/457/645
f 592/353/592 69/352/69 643/440/643 1564/456/1564
f 1564/456/1564 643/440/643 84/443/84 621/458/621
f 645/457/645 1564/456/1564 621/458/621 85/459/85
f 78/358/78 600/357/600 1565/460/1565 646/461/646
f 600/357/600 77/348/77 644/453/644 1565/460/1565
f 1565/460/1565 644/453/644 92/455/92 629/462/629
f 646/461/646 1565/460/1565 629/462/629 93/463/93
f 71/364/71 593/363/593 1566/464/1566 647/465/647
f 593/363/593 70/362/70 645/466/645 1566/464/1566
f 1566/464/1566 645/466/645 85/459/85 622/467/622
f 647/465/647 1566/464/1566 622/467/622 86/468/86
f 79/368/79 601/367/601 1567/469/1567 648/470/648
f 601/367/601 78/358/78 646/461/646 1567/469/1567
f 1567/469/1567 646/461/646 93/463/93 630/471/630
f 648/470/648 1567/469/1567 630/471/630 94/472/94
f 72/372/72 594/371/594 1568/473/1568 649/474/649
f 594/371/594 71/364/71 647/465/647 1568/473/1568
f 1568/473/1568 647/465/647 86/468/86 623/475/623
f 649/474/649 1568/473/1568 623/475/623 87/476/87
f 80/376/80 602/375/602 1569/477/1569 636/410/636
f 602/375/602 79/368/79 648/470/648 1569/477/1569
f 1569/477/1569 648/470/648 94/472/94 631/478/631
f 636/410/636 1569/477/1569 631/478/631 95/411/95
f 73/380/73 595/379/595 1570/479/1570 638/416/638
f 595/379/595 72/372/72 649/474/649 1570/479/1570
f 1570/479/1570 649/474/649 87/476/87 624/480/624
f 638/416/638 1570/479/1570 624/480/624 88/417/88
f 85/459/85 621/458/621 1571/481/1571 664/482/664
f 621/458/621 84/443/84 665/483/665 1571/481/1571
f 1571/481/1571 665/483/665 99/484/99 650/485/650
f 664/482/664 1571/481/1571 650/485/650 100/486/100
f 93/463/93 629/462/629 1572/487/1572 666/488/666
f 629/462/629 92/455/92 667/489/667 1572/487/1572
f 1572/487/1572 667/489/667 107/490/107 658/491/658
f 666/488/666 1572/487/1572 658/491/658 108/492/108
f 86/468/86 622/467/622 1573/493/1573 668/494/668
f 622/467/622 85/459/85 664/495/664 1573/493/1573
f 1573/493/1573 664/495/664 100/486/100 651/496/651
f 668/494/668 1573/493/1573 651/496/651 101/497/101
f 94/472/94 630/471/630 1574/498/1574 669/499/669
f 630/471/630 93/463/93 666/488/666 1574/498/1574
f 1574/498/1574 666/488/666 108/492/108 659/500/659
f 669/499/669 1574/498/1574 659/500/659 109/501/109
f 87/476/87 623/475/623 1575/502/1575 670/503/670
f 623/475/623 86/468/86 668/494/668 1575/502/1575
f 1575/502/1575 668/494/668 101/497/101 652/504/652
f 670/503/670 1575/502/1575 652/504/652 102/505/102
f 95/411/95 631/478/631 1576/506/1576 671/507/671
f 631/478/631 94/472/94 669/499/669 1576/506/1576
f 1576/506/1576 669/499/669 109/501/109 660/508/660
f 671/507/671 1576/506/1576 660/508/660 110/509/110
f 88/417/88 624/480/624 1577/510/1577 672/511/672
f 624/480/624 87/476/87 670/503/670 1577/510/1577
f 1577/510/1577 670/503/670 102/505/102 653/512/653
f 672/511/672 1577/510/1577 653/512/653 103/513/103
f 96/413/96 632/412/632 1578/514/1578 673/515/673
f 632/412/632 95/411/95 671/507/671 1578/514/1578
f 1578/514/1578 671/507/671 110/509/110 661/516/661
f 673/515/673 1578/514/1578 661/516/661 111/517/111
f 89/419/89 625/418/625 1579/518/1579 674/519/674
f 625/418/625 88/417/88 672/511/672 1579/518/1579
f 1579/518/1579 672/511/672 103/513/103 654/520/654
f 674/519/674 1579/518/1579 654/520/654 104/521/104
f 97/423/97 633/422/633 1580/522/1580 675/523/675
f 633/422/633 96/413/96 673/515/673 1580/522/1580
f 1580/522/1580 673/515/673 111/517/111 662/524/662
f 675/523/675 1580/522/1580 662/524/662 112/525/112
f 90/427/90 626/426/626 1581/526/1581 676/527/676
f 626/426/626 89/419/89 674/519/674 1581/526/1581
f 1581/526/1581 674/519/674 104/521/104 655/528/655
f 676/527/676 1581/526/1581 655/528/655 105/529/105
f 98/433/98 634/432/634 1582/530/1582 677/531/677
f 634/432/634 97/431/97 675/523/675 1582/530/1582
f 1582/530/1582 675/523/675 112/532/112 663/533/663
f 677/531/677 1582/530/1582 663/533/663 113/534/113
f 91/437/91 627/436/627 1583/535/1583 678/536/678
f 627/436/627 90/427/90 676/527/676 1583/535/1583
f 1583/535/1583 676/527/676 105/529/105 656/537/656
f 678/536/678 1583/535/1583 656/537/656 106/538/106
f 84/443/84 1417/539/1417 1584/540/1584 665/483/665
f 1/541/1 1419/542/1419 1584/540/1584 1417/539/1417
f 99/484/99 665/543/665 1584/540/1584 1419/542/1419
f 8/544/8 1418/545/1418 1585/546/1585 1420/547/1420
f 98/433/98 677/531/677 1585/546/1585 1418/548/1418
f 113/534/113 1420/549/1420 1585/546/1585 677/531/677
f 92/455/92 628/454/628 1586/550/1586 667/489/667
f 628/454/628 91/437/91 678/536/678 1586/550/1586
f 1586/550/1586 678/536/678 106/538/106 657/551/657
f 667/489/667 1586/550/1586 657/551/657 107/490/107
f 104/521/104 654/520/654 1587/552/1587 693/553/693
f 654/520/654 103/513/103 694/554/694 1587/552/1587
f 1587/552/1587 694/554/694 118/555/118 683/556/683
f 693/553/693 1587/552/1587 683/556/683 119/557/119
f 112/525/112 662/524/662 1588/558/1588 695/559/695
f 662/524/662 111/517/111 696/560/696 1588/558/1588
f 1588/558/1588 696/560/696 126/561/126 691/562/691
f 695/559/695 1588/558/1588 691/562/691 127/563/127
f 105/529/105 655/528/655 1589/564/1589 697/565/697
f 655/528/655 104/521/104 693/553/693 1589/564/1589
f 1589/564/1589 693/553/693 119/557/119 684/566/684
f 697/565/697 1589/564/1589 684/566/684 120/567/120
f 113/534/113 663/533/663 1590/568/1590 698/569/698
f 663/533/663 112/532/112 695/570/695 1590/568/1590
f 1590/568/1590 695/570/695 127/571/127 692/572/692
f 698/569/698 1590/568/1590 692/572/692 128/573/128
f 106/538/106 656/537/656 1591/574/1591 699/575/699
f 656/537/656 105/529/105 697/565/697 1591/574/1591
f 1591/574/1591 697/565/697 120/567/120 685/576/685
f 699/575/699 1591/574/1591 685/576/685 121/577/121
f 99/484/99 1419/578/1419 1592/579/1592 700/580/700
f 1/581/1 1421/582/1421 1592/579/1592 1419/578/1419
f 114/583/114 700/580/700 1592/579/1592 1421/582/1421
f 8/584/8 1420/585/1420 1593/586/1593 1422/587/1422
f 113/534/113 698/569/698 1593/586/1593 1420/588/1420
f 128/573/128 1422/589/1422 1593/586/1593 698/590/698
f 107/490/107 657/551/657 1594/591/1594 701/592/701
f 657/551/657 106/538/106 699/575/699 1594/591/1594
f 1594/591/1594 699/575/699 121/577/121 686/593/686
f 701/592/701 1594/591/1594 686/593/686 122/594/122
f 100/486/100 650/485/650 1595/595/1595 702/596/702
f 650/485/650 99/484/99 700/580/700 1595/595/1595
f 1595/595/1595 700/580/700 114/583/114 679/597/679
f 702/596/702 1595/595/1595 679/597/679 115/598/115
f 108/492/108 658/491/658 1596/599/1596 703/600/703
f 658/491/658 107/490/107 701/592/701 1596/599/1596
f 1596/599/1596 701/592/701 122/594/122 687/601/687
f 703/600/703 1596/599/1596 687/601/687 123/602/123
f 101/497/101 651/496/651 1597/603/1597 704/604/704
f 651/496/651 100/486/100 702/605/702 1597/603/1597
f 1597/603/1597 702/605/702 115/606/115 680/607/680
f 704/604/704 1597/603/1597 680/607/680 116/608/116
f 109/501/109 659/500/659 1598/609/1598 705/610/705
f 659/500/659 108/492/108 703/600/703 1598/609/1598
f 1598/609/1598 703/600/703 123/602/123 688/611/688
f 705/610/705 1598/609/1598 688/611/688 124/612/124
f 102/505/102 652/504/652 1599/613/1599 706/614/706
f 652/504/652 101/497/101 704/604/704 1599/613/1599
f 1599/613/1599 704/604/704 116/608/116 681/615/681
f 706/614/706 1599/613/1599 681/615/681 117/616/117
f 110/509/110 660/508/660 1600/617/1600 707/618/707
f 660/508/660 109/501/109 705/610/705 1600/617/1600
f 1600/617/1600 705/610/705 124/612/124 689/619/689
f 707/618/707 1600/617/1600 689/619/689 125/620/125
f 103/513/103 653/512/653 1601/621/1601 694/554/694
f 653/512/653 102/505/102 706/614/706 1601/621/1601
f 1601/621/1601 706/614/706 117/616/117 682/622/682
f 694/554/694 1601/621/1601 682/622/682 118/555/118
f 111/517/111 661/516/661 1602/623/1602 696/560/696
f 661/516/661 110/509/110 707/618/707 1602/623/1602
f 1602/623/1602 707/618/707 125/620/125 690/624/690
f 696/560/696 1602/623/1602 690/624/690 126/561/126
f 123/602/123 687/601/687 1603/625/1603 722/626/722
f 687/601/687 122/594/122 723/627/723 1603/625/1603
f 1603/625/1603 723/627/723 137/628/137 716/629/716
f 722/626/722 1603/625/1603 716/629/716 138/630/138
f 116/608/116 680/607/680 1604/631/1604 724/632/724
f 680/607/680 115/606/115 725/633/725 1604/631/1604
f 1604/631/1604 725/633/725 130/634/130 709/635/709
f 724/632/724 1604/631/1604 709/635/709 131/636/131
f 124/612/124 688/611/688 1605/637/1605 726/638/726
f 688/611/688 123/602/123 722/626/722 1605/637/1605
f 1605/637/1605 722/626/722 138/630/138 717/639/717
f 726/638/726 1605/637/1605 717/639/717 139/640/139
f 117/616/117 681/615/681 1606/641/1606 727/642/727
f 681/615/681 116/608/116 724/632/724 1606/641/1606
f 1606/641/1606 724/632/724 131/636/131 710/643/710
f 727/642/727 1606/641/1606 710/643/710 132/644/132
f 125/620/125 689/619/689 1607/645/1607 728/646/728
f 689/619/689 124/612/124 726/638/726 1607/645/1607
f 1607/645/1607 726/638/726 139/640/139 718/647/718
f 728/646/728 1607/645/1607 718/647/718 140/648/140
f 118/555/118 682/622/682 1608/649/1608 729/650/729
f 682/622/682 117/616/117 727/642/727 1608/649/1608
f 1608/649/1608 727/642/727 132/644/132 711/651/711
f 729/650/729 1608/649/1608 711/651/711 133/652/133
f 126/561/126 690/624/690 1609/653/1609 730/654/730
f 690/624/690 125/620/125 728/646/728 1609/653/1609
f 1609/653/1609 728/646/728 140/648/140 719/655/719
f 730/654/730 1609/653/1609 719/655/719 141/656/141
f 119/557/119 683/556/683 1610/657/1610 731/658/731
f 683/556/683 118/555/118 729/650/729 1610/657/1610
f 1610/657/1610 729/650/729 133/652/133 712/659/712
f 731/658/731 1610/657/1610 712/659/712 134/660/134
f 127/563/127 691/562/691 1611/661/1611 732/662/732
f 691/562/691 126/561/126 730/654/730 1611/661/1611
f 1611/661/1611 730/654/730 141/656/141 720/663/720
f 732/662/732 1611/661/1611 720/663/720 142/664/142
f 120/567/120 684/566/684 1612/665/1612 733/666/733
f 684/566/684 119/557/119 731/658/731 1612/665/1612
f 1612/665/1612 731/658/731 134/660/134 713/667/713
f 733/666/733 1612/665/1612 713/667/713 135/668/135
f 128/573/128 692/572/692 1613/669/1613 734/670/734
f 692/572/692 127/571/127 732/671/732 1613/669/1613
f 1613/669/1613 732/671/732 142/672/142 721/673/721
f 734/670/734 1613/669/1613 721/673/721 143/674/143
f 121/577/121 685/576/685 1614/675/1614 735/676/735
f 685/576/685 120/567/120 733/666/733 1614/675/1614
f 1614/675/1614 733/666/733 135/668/135 714/677/714
f 735/676/735 1614/675/1614 714/677/714 136/678/136
f 114/583/114 1421/679/1421 1615/680/1615 736/681/736
f 1/682/1 1423/683/1423 1615/680/1615 1421/679/1421
f 129/684/129 736/681/736 1615/680/1615 1423/683/1423
f 8/685/8 1422/686/1422 1616/687/1616 1424/688/1424
f 128/573/128 734/670/734 1616/687/1616 1422/689/1422
f 143/674/143 1424/690/1424 1616/687/1616 734/670/734
f 122/594/122 686/593/686 1617/691/1617 723/627/723
f 686/593/686 121/577/121 735/676/735 1617/691/1617
f 1617/691/1617 735/676/735 136/678/136 715/692/715
f 723/627/723 1617/691/1617 715/692/715 137/628/137
f 115/598/115 679/597/679 1618/693/1618 725/694/725
f 679/597/679 114/583/114 736/681/736 1618/693/1618
f 1618/693/1618 736/681/736 129/684/129 708/695/708
f 725/694/725 1618/693/1618 708/695/708 130/696/130
f 142/664/142 720/663/720 1619/697/1619 751/698/751
f 720/663/720 141/656/141 752/699/752 1619/697/1619
f 1619/697/1619 752/699/752 156/700/156 749/701/749
f 751/698/751 1619/697/1619 749/701/749 157/702/157
f 135/668/135 713/667/713 1620/703/1620 753/704/753
f 713/667/713 134/660/134 754/705/754 1620/703/1620
f 1620/703/1620 754/705/754 149/706/149 742/707/742
f 753/704/753 1620/703/1620 742/707/742 150/708/150
f 143/674/143 721/673/721 1621/709/1621 755/710/755
f 721/673/721 142/672/142 751/698/751 1621/709/1621
f 1621/709/1621 751/698/751 157/711/157 750/712/750
f 755/710/755 1621/709/1621 750/712/750 158/713/158
f 136/678/136 714/677/714 1622/714/1622 756/715/756
f 714/677/714 135/668/135 753/704/753 1622/714/1622
f 1622/714/1622 753/704/753 150/708/150 743/716/743
f 756/715/756 1622/714/1622 743/716/743 151/717/151
f 129/684/129 1423/718/1423 1623/719/1623 757/720/757
f 1/721/1 1425/722/1425 1623/719/1623 1423/718/1423
f 144/723/144 757/724/757 1623/719/1623 1425/722/1425
f 8/725/8 1424/726/1424 1624/727/1624 1426/728/1426
f 143/674/143 755/729/755 1624/727/1624 1424/730/1424
f 158/713/158 1426/731/1426 1624/727/1624 755/729/755
f 137/628/137 715/692/715 1625/732/1625 758/733/758
f 715/692/715 136/678/136 756/715/756 1625/732/1625
f 1625/732/1625 756/715/756 151/717/151 744/734/744
f 758/733/758 1625/732/1625 744/734/744 152/735/152
f 130/696/130 708/695/708 1626/736/1626 759/737/759
f 708/695/708 129/684/129 757/720/757 1626/736/1626
f 1626/736/1626 757/720/757 144/723/144 737/738/737
f 759/737/759 1626/736/1626 737/738/737 145/739/145
f 138/630/138 716/629/716 1627/740/1627 760/741/760
f 716/629/716 137/628/137 758/733/758 1627/740/1627
f 1627/740/1627 758/733/758 152/735/152 745/742/745
f 760/741/760 1627/740/1627 745/742/745 153/743/153
f 131/636/131 709/635/709 1628/744/1628 761/745/761
f 709/635/709 130/634/130 759/746/759 1628/744/1628
f 1628/744/1628 759/746/759 145/747/145 738/748/738
f 761/745/761 1628/744/1628 738/748/738 146/749/146
f 139/640/139 717/639/717 1629/750/1629 762/751/762
f 717/639/717 138/630/138 760/741/760 1629/750/1629
f 1629/750/1629 760/741/760 153/743/153 746/752/746
f 762/751/762 1629/750/1629 746/752/746 154/753/154
f 132/644/132 710/643/710 1630/754/1630 763/755/763
f 710/643/710 131/636/131 761/745/761 1630/754/1630
f 1630/754/1630 761/745/761 146/749/146 739/756/739
f 763/755/763 1630/754/1630 739/756/739 147/757/147
f 140/648/140 718/647/718 1631/758/1631 764/759/764
f 718/647/718 139/640/139 762/751/762 1631/758/1631
f 1631/758/1631 762/751/762 154/753/154 747/760/747
f 764/759/764 1631/758/1631 747/760/747 155/761/155
f 133/652/133 711/651/711 1632/762/1632 765/763/765
f 711/651/711 132/644/132 763/755/763 1632/762/1632
f 1632/762/1632 763/755/763 147/757/147 740/764/740
f 765/763/765 1632/762/1632 740/764/740 148/765/148
f 141/656/141 719/655/719 1633/766/1633 752/699/752
f 719/655/719 140/648/140 764/759/764 1633/766/1633
f 1633/766/1633 764/759/764 155/761/155 748/767/748
f 752/699/752 1633/766/1633 748/767/748 156/700/156
f 134/660/134 712/659/712 1634/768/1634 754/705/754
f 712/659/712 133/652/133 765/763/765 1634/768/1634
f 1634/768/1634 765/763/765 148/765/148 741/769/741
f 754/705/754 1634/768/1634 741/769/741 149/706/149
f 146/749/146 738/748/738 1635/770/1635 780/771/780
f 738/748/738 145/747/145 781/772/781 1635/770/1635
f 1635/770/1635 781/772/781 160/773/160 767/774/767
f 780/771/780 1635/770/1635 767/774/767 161/775/161
f 154/753/154 746/752/746 1636/776/1636 782/777/782
f 746/752/746 153/743/153 783/778/783 1636/776/1636
f 1636/776/1636 783/778/783 168/779/168 775/780/775
f 782/777/782 1636/776/1636 775/780/775 169/781/169
f 147/757/147 739/756/739 1637/782/1637 784/783/784
f 739/756/739 146/749/146 780/771/780 1637/782/1637
f 1637/782/1637 780/771/780 161/775/161 768/784/768
f 784/783/784 1637/782/1637 768/784/768 162/785/162
f 155/761/155 747/760/747 1638/786/1638 785/787/785
f 747/760/747 154/753/154 782/777/782 1638/786/1638
f 1638/786/1638 782/777/782 169/781/169 776/788/776
f 785/787/785 1638/786/1638 776/788/776 170/789/170
f 148/765/148 740/764/740 1639/790/1639 786/791/786
f 740/764/740 147/757/147 784/783/784 1639/790/1639
f 1639/790/1639 784/783/784 162/785/162 769/792/769
f 786/791/786 1639/790/1639 769/792/769 163/793/163
f 156/700/156 748/767/748 1640/794/1640 787/795/787
f 748/767/748 155/761/155 785/787/785 1640/794/1640
f 1640/794/1640 785/787/785 170/789/170 777/796/777
f 787/795/787 1640/794/1640 777/796/777 171/797/171
f 149/706/149 741/769/741 1641/798/1641 788/799/788
f 741/769/741 148/765/148 786/791/786 1641/798/1641
f 1641/798/1641 786/791/786 163/793/163 770/800/770
f 788/799/788 1641/798/1641 770/800/770 164/801/164
f 157/702/157 749/701/749 1642/802/1642 789/803/789
f 749/701/749 156/700/156 787/795/787 1642/802/1642
f 1642/802/1642 787/795/787 171/797/171 778/804/778
f 789/803/789 1642/802/1642 778/804/778 172/805/172
f 150/708/150 742/707/742 1643/806/1643 790/807/790
f 742/707/742 149/706/149 788/799/788 1643/806/1643
f 1643/806/1643 788/799/788 164/801/164 771/808/771
f 790/807/790 1643/806/1643 771/808/771 165/809/165
f 158/713/158 750/712/750 1644/810/1644 791/811/791
f 750/712/750 157/711/157 789/812/789 1644/810/1644
f 1644/810/1644 789/812/789 172/813/172 779/814/779
f 791/811/791 1644/810/1644 779/814/779 173/815/173
f 151/717/151 743/716/743 1645/816/1645 792/817/792
f 743/716/743 150/708/150 790/807/790 1645/816/1645
f 1645/816/1645 790/807/790 165/809/165 772/818/772
f 792/817/792 1645/816/1645 772/818/772 166/819/166
f 144/723/144 1425/820/1425 1646/821/1646 793/822/793
f 1/823/1 1427/824/1427 1646/821/1646 1425/825/1425
f 159/826/159 793/827/793 1646/821/1646 1427/828/1427
f 8/829/8 1426/830/1426 1647/831/1647 1428/832/1428
f 158/713/158 791/833/791 1647/831/1647 1426/834/1426
f 173/815/173 1428/835/1428 1647/831/1647 791/811/791
f 152/735/152 744/734/744 1648/836/1648 794/837/794
f 744/734/744 151/717/151 792/817/792 1648/836/1648
f 1648/836/1648 792/817/792 166/819/166 773/838/773
f 794/837/794 1648/836/1648 773/838/773 167/839/167
f 145/739/145 737/738/737 1649/840/1649 781/841/781
f 737/738/737 144/723/144 793/822/793 1649/840/1649
f 1649/840/1649 793/822/793 159/826/159 766/842/766
f 781/841/781 1649/840/1649 766/842/766 160/843/160
f 153/743/153 745/742/745 1650/844/1650 783/778/783
f 745/742/745 152/735/152 794/837/794 1650/844/1650
f 1650/844/1650 794/837/794 167/839/167 774/845/774
f 783/778/783 1650/844/1650 774/845/774 168/779/168
f 165/809/165 771/808/771 1651/846/1651 809/847/809
f 771/808/771 164/801/164 810/848/810 1651/846/1651
f 1651/846/1651 810/848/810 179/849/179 800/850/800
f 809/847/809 1651/846/1651 800/850/800 180/851/180
f 173/815/173 779/814/779 1652/852/1652 811/853/811
f 779/814/779 172/813/172 812/854/812 1652/852/1652
f 1652/852/1652 812/854/812 187/855/187 808/856/808
f 811/853/811 1652/852/1652 808/856/808 188/857/188
f 166/819/166 772/818/772 1653/858/1653 813/859/813
f 772/818/772 165/809/165 809/847/809 1653/858/1653
f 1653/858/1653 809/847/809 180/851/180 801/860/801
f 813/859/813 1653/858/1653 801/860/801 181/861/181
f 159/826/159 1427/862/1427 1654/863/1654 814/864/814
f 1/865/1 1429/866/1429 1654/863/1654 1427/862/1427
f 174/867/174 814/868/814 1654/863/1654 1429/869/1429
f 8/870/8 1428/871/1428 1655/872/1655 1430/873/1430
f 173/815/173 811/853/811 1655/872/1655 1428/874/1428
f 188/857/188 1430/875/1430 1655/872/1655 811/876/811
f 167/839/167 773/838/773 1656/877/1656 815/878/815
f 773/838/773 166/819/166 813/859/813 1656/877/1656
f 1656/877/1656 813/859/813 181/861/181 802/879/802
f 815/878/815 1656/877/1656 802/879/802 182/880/182
f 160/843/160 766/842/766 1657/881/1657 816/882/816
f 766/842/766 159/826/159 814/864/814 1657/881/1657
f 1657/881/1657 814/864/814 174/867/174 795/883/795
f 816/882/816 1657/881/1657 795/883/795 175/884/175
f 168/779/168 774/845/774 1658/885/1658 817/886/817
f 774/845/774 167/839/167 815/878/815 1658/885/1658
f 1658/885/1658 815/878/815 182/880/182 803/887/803
f 817/886/817 1658/885/1658 803/887/803 183/888/183
f 161/775/161 767/774/767 1659/889/1659 818/890/818
f 767/774/767 160/773/160 816/891/816 1659/889/1659
f 1659/889/1659 816/891/816 175/892/175 796/893/796
f 818/890/818 1659/889/1659 796/893/796 176/894/176
f 169/781/169 775/780/775 1660/895/1660 819/896/819
f 775/780/775 168/779/168 817/886/817 1660/895/1660
f 1660/895/1660 817/886/817 183/888/183 804/897/804
f 819/896/819 1660/895/1660 804/897/804 184/898/184
f 162/785/162 768/784/768 1661/899/1661 820/900/820
f 768/784/768 161/775/161 818/890/818 1661/899/1661
f 1661/899/1661 818/890/818 176/894/176 797/901/797
f 820/900/820 1661/899/1661 797/901/797 177/902/177
f 170/789/170 776/788/776 1662/903/1662 821/904/821
f 776/788/776 169/781/169 819/896/819 1662/903/1662
f 1662/903/1662 819/896/819 184/898/184 805/905/805
f 821/904/821 1662/903/1662 805/905/805 185/906/185
f 163/793/163 769/792/769 1663/907/1663 822/908/822
f 769/792/769 162/785/162 820/900/820 1663/907/1663
f 1663/907/1663 820/900/820 177/902/177 798/909/798
f 822/908/822 1663/907/1663 798/909/798 178/910/178
f 171/797/171 777/796/777 1664/911/1664 823/912/823
f 777/796/777 170/789/170 821/904/821 1664/911/1664
f 1664/911/1664 821/904/821 185/906/185 806/913/806
f 823/912/823 1664/911/1664 806/913/806 186/914/186
f 164/801/164 770/800/770 1665/915/1665 810/848/810
f 770/800/770 163/793/163 822/908/822 1665/915/1665
f 1665/915/1665 822/908/822 178/910/178 799/916/799
f 810/848/810 1665/915/1665 799/916/799 179/849/179
f 172/805/172 778/804/778 1666/917/1666 812/918/812
f 778/804/778 171/797/171 823/912/823 1666/917/1666
f 1666/917/1666 823/912/823 186/914/186 807/919/807
f 812/918/812 1666/917/1666 807/919/807 187/920/187
f 184/898/184 804/897/804 1667/921/1667 838/922/838
f 804/897/804 183/888/183 839/923/839 1667/921/1667
f 1667/921/1667 839/923/839 198/924/198 833/925/833
f 838/922/838 1667/921/1667 833/925/833 199/926/199
f 177/902/177 797/901/797 1668/927/1668 840/928/840
f 797/901/797 176/894/176 841/929/841 1668/927/1668
f 1668/927/1668 841/929/841 191/930/191 826/931/826
f 840/928/840 1668/927/1668 826/931/826 192/932/192
f 185/906/185 805/905/805 1669/933/1669 842/934/842
f 805/905/805 184/898/184 838/922/838 1669/933/1669
f 1669/933/1669 838/922/838 199/926/199 834/935/834
f 842/934/842 1669/933/1669 834/935/834 200/936/200
f 178/910/178 798/909/798 1670/937/1670 843/938/843
f 798/909/798 177/902/177 840/928/840 1670/937/1670
f 1670/937/1670 840/928/840 192/932/192 827/939/827
f 843/938/843 1670/937/1670 827/939/827 193/940/193
f 186/914/186 806/913/806 1671/941/1671 844/942/844
f 806/913/806 185/906/185 842/934/842 1671/941/1671
f 1671/941/1671 842/934/842 200/936/200 835/943/835
f 844/942/844 1671/941/1671 835/943/835 201/944/201
f 179/849/179 799/916/799 1672/945/1672 845/946/845
f 799/916/799 178/910/178 843/938/843 1672/945/1672
f 1672/945/1672 843/938/843 193/940/193 828/947/828
f 845/946/845 1672/945/1672 828/947/828 194/948/194
f 187/920/187 807/919/807 1673/949/1673 846/950/846
f 807/919/807 186/914/186 844/942/844 1673/949/1673
f 1673/949/1673 844/942/844 201/944/201 836/951/836
f 846/950/846 1673/949/1673 836/951/836 202/952/202
f 180/851/180 800/850/800 1674/953/1674 847/954/847
f 800/850/800 179/849/179 845/946/845 1674/953/1674
f 1674/953/1674 845/946/845 194/948/194 829/955/829
f 847/954/847 1674/953/1674 829/955/829 195/956/195
f 188/857/188 808/856/808 1675/957/1675 848/958/848
f 808/856/808 187/855/187 846/959/846 1675/957/1675
f 1675/957/1675 846/959/846 202/960/202 837/961/837
f 848/958/848 1675/957/1675 837/961/837 203/962/203
f 181/861/181 801/860/801 1676/963/1676 849/964/849
f 801/860/801 180/851/180 847/954/847 1676/963/1676
f 1676/963/1676 847/954/847 195/956/195 830/965/830
f 849/964/849 1676/963/1676 830/965/830 196/966/196
f 174/867/174 1429/967/1429 1677/968/1677 850/969/850
f 1/970/1 1431/971/1431 1677/968/1677 1429/972/1429
f 189/973/189 850/974/850 1677/968/1677 1431/971/1431
f 8/975/8 1430/976/1430 1678/977/1678 1432/978/1432
f 188/857/188 848/958/848 1678/977/1678 1430/979/1430
f 203/962/203 1432/980/1432 1678/977/1678 848/958/848
f 182/880/182 802/879/802 1679/981/1679 851/982/851
f 802/879/802 181/861/181 849/964/849 1679/981/1679
f 1679/981/1679 849/964/849 196/966/196 831/983/831
f 851/982/851 1679/981/1679 831/983/831 197/984/197
f 175/884/175 795/883/795 1680/985/1680 852/986/852
f 795/883/795 174/867/174 850/969/850 1680/985/1680
f 1680/985/1680 850/969/850 189/973/189 824/987/824
f 852/986/852 1680/985/1680 824/987/824 190/988/190
f 183/888/183 803/887/803 1681/989/1681 839/923/839
f 803/887/803 182/880/182 851/982/851 1681/989/1681
f 1681/989/1681 851/982/851 197/984/197 832/990/832
f 839/923/839 1681/989/1681 832/990/832 198/924/198
f 176/894/176 796/893/796 1682/991/1682 841/929/841
f 796/893/796 175/892/175 852/992/852 1682/991/1682
f 1682/991/1682 852/992/852 190/993/190 825/994/825
f 841/929/841 1682/991/1682 825/994/825 191/930/191
f 203/962/203 837/961/837 1683/995/1683 867/996/867
f 837/961/837 202/960/202 868/997/868 1683/995/1683
f 1683/995/1683 868/997/868 217/998/217 866/999/866
f 867/996/867 1683/995/1683 866/999/866 218/1000/218
f 196/966/196 830/965/830 1684/1001/1684 869/1002/869
f 830/965/830 195/956/195 870/1003/870 1684/1001/1684
f 1684/1001/1684 870/1003/870 210/1004/210 859/1005/859
f 869/1002/869 1684/1001/1684 859/1005/859 211/1006/211
f 189/973/189 1431/1007/1431 1685/1008/1685 871/1009/871
f 1/1010/1 1433/1011/1433 1685/1008/1685 1431/1012/1431
f 204/1013/204 871/1009/871 1685/1008/1685 1433/1011/1433
f 8/1014/8 1432/1015/1432 1686/1016/1686 1434/1017/1434
f 203/962/203 867/996/867 1686/1016/1686 1432/1018/1432
f 218/1000/218 1434/1019/1434 1686/1016/1686 867/996/867
f 197/984/197 831/983/831 1687/1020/1687 872/1021/872
f 831/983/831 196/966/196 869/1002/869 1687/1020/1687
f 1687/1020/1687 869/1002/869 211/1006/211 860/1022/860
f 872/1021/872 1687/1020/1687 860/1022/860 212/1023/212
f 190/988/190 824/987/824 1688/1024/1688 873/1025/873
f 824/987/824 189/973/189 871/1009/871 1688/1024/1688
f 1688/1024/1688 871/1009/871 204/1013/204 853/1026/853
f 873/1025/873 1688/1024/1688 853/1026/853 205/1027/205
f 198/924/198 832/990/832 1689/1028/1689 874/1029/874
f 832/990/832 197/984/197 872/1021/872 1689/1028/1689
f 1689/1028/1689 872/1021/872 212/1023/212 861/1030/861
f 874/1029/874 1689/1028/1689 861/1030/861 213/1031/213
f 191/930/191 825/994/825 1690/1032/1690 875/1033/875
f 825/994/825 190/993/190 873/1034/873 1690/1032/1690
f 1690/1032/1690 873/1034/873 205/1035/205 854/1036/854
f 875/1033/875 1690/1032/1690 854/1036/854 206/1037/206
f 199/926/199 833/925/833 1691/1038/1691 876/1039/876
f 833/925/833 198/924/198 874/1029/874 1691/1038/1691
f 1691/1038/1691 874/1029/874 213/1031/213 862/1040/862
f 876/1039/876 1691/1038/1691 862/1040/862 214/1041/214
f 192/932/192 826/931/826 1692/1042/1692 877/1043/877
f 826/931/826 191/930/191 875/1033/875 1692/1042/1692
f 1692/1042/1692 875/1033/875 206/1037/206 855/1044/855
f 877/1043/877 1692/1042/1692 855/1044/855 207/1045/207
f 200/936/200 834/935/834 1693/1046/1693 878/1047/878
f 834/935/834 199/926/199 876/1039/876 1693/1046/1693
f 1693/1046/1693 876/1039/876 214/1041/214 863/1048/863
f 878/1047/878 1693/1046/1693 863/1048/863 215/1049/215
f 193/940/193 827/939/827 1694/1050/1694 879/1051/879
f 827/939/827 192/932/192 877/1043/877 1694/1050/1694
f 1694/1050/1694 877/1043/877 207/1045/207 856/1052/856
f 879/1051/879 1694/1050/1694 856/1052/856 208/1053/208
f 201/944/201 835/943/835 1695/1054/1695 880/1055/880
f 835/943/835 200/936/200 878/1047/878 1695/1054/1695
f 1695/1054/1695 878/1047/878 215/1049/215 864/1056/864
f 880/1055/880 1695/1054/1695 864/1056/864 216/1057/216
f 194/948/194 828/947/828 1696/1058/1696 881/1059/881
f 828/947/828 193/940/193 879/1051/879 1696/1058/1696
f 1696/1058/1696 879/1051/879 208/1053/208 857/1060/857
f 881/1059/881 1696/1058/1696 857/1060/857 209/1061/209
f 202/952/202 836/951/836 1697/1062/1697 868/1063/868
f 836/951/836 201/944/201 880/1055/880 1697/1062/1697
f 1697/1062/1697 880/1055/880 216/1057/216 865/1064/865
f 868/1063/868 1697/1062/1697 865/1064/865 217/1065/217
f 195/956/195 829/955/829 1698/1066/1698 870/1003/870
f 829/955/829 194/948/194 881/1059/881 1698/1066/1698
f 1698/1066/1698 881/1059/881 209/1061/209 858/1067/858
f 870/1003/870 1698/1066/1698 858/1067/858 210/1004/210
f 215/1049/215 863/1048/863 1699/1068/1699 896/1069/896
f 863/1048/863 214/1041/214 897/1070/897 1699/1068/1699
f 1699/1068/1699 897/1070/897 229/1071/229 892/1072/892
f 896/1069/896 1699/1068/1699 892/1072/892 230/1073/230
f 208/1053/208 856/1052/856 1700/1074/1700 898/1075/898
f 856/1052/856 207/1045/207 899/1076/899 1700/1074/1700
f 1700/1074/1700 899/1076/899 222/1077/222 885/1078/885
f 898/1075/898 1700/1074/1700 885/1078/885 223/1079/223
f 216/1057/216 864/1056/864 1701/1080/1701 900/1081/900
f 864/1056/864 215/1049/215 896/1069/896 1701/1080/1701
f 1701/1080/1701 896/1069/896 230/1073/230 893/1082/893
f 900/1081/900 1701/1080/1701 893/1082/893 231/1083/231
f 209/1061/209 857/1060/857 1702/1084/1702 901/1085/901
f 857/1060/857 208/1053/208 898/1075/898 1702/1084/1702
f 1702/1084/1702 898/1075/898 223/1079/223 886/1086/886
f 901/1085/901 1702/1084/1702 886/1086/886 224/1087/224
f 217/1065/217 865/1064/865 1703/1088/1703 902/1089/902
f 865/1064/865 216/1057/216 900/1081/900 1703/1088/1703
f 1703/1088/1703 900/1081/900 231/1083/231 894/1090/894
f 902/1089/902 1703/1088/1703 894/1090/894 232/1091/232
f 210/1004/210 858/1067/858 1704/1092/1704 903/1093/903
f 858/1067/858 209/1061/209 901/1085/901 1704/1092/1704
f 1704/1092/1704 901/1085/901 224/1087/224 887/1094/887
f 903/1093/903 1704/1092/1704 887/1094/887 225/1095/225
f 218/1000/218 866/999/866 1705/1096/1705 904/1097/904
f 866/999/866 217/998/217 902/1089/902 1705/1096/1705
f 1705/1096/1705 902/1089/902 232/1098/232 895/1099/895
f 904/1097/904 1705/1096/1705 895/1099/895 233/1100/233
f 211/1006/211 859/1005/859 1706/1101/1706 905/1102/905
f 859/1005/859 210/1004/210 903/1093/903 1706/1101/1706
f 1706/1101/1706 903/1093/903 225/1095/225 888/1103/888
f 905/1102/905 1706/1101/1706 888/1103/888 226/1104/226
f 204/1013/204 1433/1105/1433 1707/1106/1707 906/1107/906
f 1/1108/1 1435/1109/1435 1707/1106/1707 1433/1110/1433
f 219/1111/219 906/1107/906 1707/1106/1707 1435/1109/1435
f 8/1112/8 1434/1113/1434 1708/1114/1708 1436/1115/1436
f 218/1000/218 904/1116/904 1708/1114/1708 1434/1117/1434
f 233/1100/233 1436/1118/1436 1708/1114/1708 904/1119/904
f 212/1023/212 860/1022/860 1709/1120/1709 907/1121/907
f 860/1022/860 211/1006/211 905/1102/905 1709/1120/1709
f 1709/1120/1709 905/1102/905 226/1104/226 889/1122/889
f 907/1121/907 1709/1120/1709 889/1122/889 227/1123/227
f 205/1027/205 853/1026/853 1710/1124/1710 908/1125/908
f 853/1026/853 204/1013/204 906/1107/906 1710/1124/1710
f 1710/1124/1710 906/1107/906 219/1111/219 882/1126/882
f 908/1125/908 1710/1124/1710 882/1126/882 220/1127/220
f 213/1031/213 861/1030/861 1711/1128/1711 909/1129/909
f 861/1030/861 212/1023/212 907/1121/907 1711/1128/1711
f 1711/1128/1711 907/1121/907 227/1123/227 890/1130/890
f 909/1129/909 1711/1128/1711 890/1130/890 228/1131/228
f 206/1037/206 854/1036/854 1712/1132/1712 910/1133/910
f 854/1036/854 205/1035/205 908/1134/908 1712/1132/1712
f 1712/1132/1712 908/1134/908 220/1135/220 883/1136/883
f 910/1133/910 1712/1132/1712 883/1136/883 221/1137/221
f 214/1041/214 862/1040/862 1713/1138/1713 897/1070/897
f 862/1040/862 213/1031/213 909/1129/909 1713/1138/1713
f 1713/1138/1713 909/1129/909 228/1131/228 891/1139/891
f 897/1070/897 1713/1138/1713 891/1139/891 229/1071/229
f 207/1045/207 855/1044/855 1714/1140/1714 899/1076/899
f 855/1044/855 206/1037/206 910/1133/910 1714/1140/1714
f 1714/1140/1714 910/1133/910 221/1137/221 884/1141/884
f 899/1076/899 1714/1140/1714 884/1141/884 222/1077/222
f 219/1111/219 1435/1142/1435 1715/1143/1715 925/1144/925
f 1/1145/1 1437/1146/1437 1715/1143/1715 1435/1142/1435
f 234/1147/234 925/1144/925 1715/1143/1715 1437/1146/1437
f 8/1148/8 1436/1149/1436 1716/1150/1716 1438/1151/1438
f 233/1100/233 926/1152/926 1716/1150/1716 1436/1153/1436
f 248/1154/248 1438/1155/1438 1716/1150/1716 926/1156/926
f 227/1123/227 889/1122/889 1717/1157/1717 927/1158/927
f 889/1122/889 226/1104/226 928/1159/928 1717/1157/1717
f 1717/1157/1717 928/1159/928 241/1160/241 918/1161/918
f 927/1158/927 1717/1157/1717 918/1161/918 242/1162/242
f 220/1127/220 882/1126/882 1718/1163/1718 929/1164/929
f 882/1126/882 219/1111/219 925/1144/925 1718/1163/1718
f 1718/1163/1718 925/1144/925 234/1147/234 911/1165/911
f 929/1164/929 1718/1163/1718 911/1165/911 235/1166/235
f 228/1131/228 890/1130/890 1719/1167/1719 930/1168/930
f 890/1130/890 227/1123/227 927/1158/927 1719/1167/1719
f 1719/1167/1719 927/1158/927 242/1162/242 919/1169/919
f 930/1168/930 1719/1167/1719 919/1169/919 243/1170/243
f 221/1137/221 883/1136/883 1720/1171/1720 931/1172/931
f 883/1136/883 220/1135/220 929/1173/929 1720/1171/1720
f 1720/1171/1720 929/1173/929 235/1174/235 912/1175/912
f 931/1172/931 1720/1171/1720 912/1175/912 236/1176/236
f 229/1071/229 891/1139/891 1721/1177/1721 932/1178/932
f 891/1139/891 228/1131/228 930/1168/930 1721/1177/1721
f 1721/1177/1721 930/1168/930 243/1170/243 920/1179/920
f 932/1178/932 1721/1177/1721 920/1179/920 244/1180/244
f 222/1077/222 884/1141/884 1722/1181/1722 933/1182/933
f 884/1141/884 221/1137/221 931/1172/931 1722/1181/1722
f 1722/1181/1722 931/1172/931 236/1176/236 913/1183/913
f 933/1182/933 1722/1181/1722 913/1183/913 237/1184/237
f 230/1073/230 892/1072/892 1723/1185/1723 934/1186/934
f 892/1072/892 229/1071/229 932/1178/932 1723/1185/1723
f 1723/1185/1723 932/1178/932 244/1180/244 921/1187/921
f 934/1186/934 1723/1185/1723 921/1187/921 245/1188/245
f 223/1079/223 885/1078/885 1724/1189/1724 935/1190/935
f 885/1078/885 222/1077/222 933/1182/933 1724/1189/1724
f 1724/1189/1724 933/1182/933 237/1184/237 914/1191/914
f 935/1190/935 1724/1189/1724 914/1191/914 238/1192/238
f 231/1083/231 893/1082/893 1725/1193/1725 936/1194/936
f 893/1082/893 230/1073/230 934/1186/934 1725/1193/1725
f 1725/1193/1725 934/1186/934 245/1188/245 922/1195/922
f 936/1194/936 1725/1193/1725 922/1195/922 246/1196/246
f 224/1087/224 886/1086/886 1726/1197/1726 937/1198/937
f 886/1086/886 223/1079/223 935/1190/935 1726/1197/1726
f 1726/1197/1726 935/1190/935 238/1192/238 915/1199/915
f 937/1198/937 1726/1197/1726 915/1199/915 239/1200/239
f 232/1091/232 894/1090/894 1727/1201/1727 938/1202/938
f 894/1090/894 231/1083/231 936/1194/936 1727/1201/1727
f 1727/1201/1727 936/1194/936 246/1196/246 923/1203/923
f 938/1202/938 1727/1201/1727 923/1203/923 247/1204/247
f 225/1095/225 887/1094/887 1728/1205/1728 939/1206/939
f 887/1094/887 224/1087/224 937/1198/937 1728/1205/1728
f 1728/1205/1728 937/1198/937 239/1200/239 916/1207/916
f 939/1206/939 1728/1205/1728 916/1207/916 240/1208/240
f 233/1100/233 895/1099/895 1729/1209/1729 926/1156/926
f 895/1099/895 232/1098/232 938/1210/938 1729/1209/1729
f 1729/1209/1729 938/1210/938 247/1211/247 924/1212/924
f 926/1156/926 1729/1209/1729 924/1212/924 248/1154/248
f 226/1104/226 888/1103/888 1730/1213/1730 928/1159/928
f 888/1103/888 225/1095/225 939/1206/939 1730/1213/1730
f 1730/1213/1730 939/1206/939 240/1208/240 917/1214/917
f 928/1159/928 1730/1213/1730 917/1214/917 241/1160/241
f 238/1192/238 914/1191/914 1731/1215/1731 954/1216/954
f 914/1191/914 237/1184/237 955/1217/955 1731/1215/1731
f 1731/1215/1731 955/1217/955 252/1218/252 943/1219/943
f 954/1216/954 1731/1215/1731 943/1219/943 253/1220/253
f 246/1196/246 922/1195/922 1732/1221/1732 956/1222/956
f 922/1195/922 245/1188/245 957/1223/957 1732/1221/1732
f 1732/1221/1732 957/1223/957 260/1224/260 951/1225/951
f 956/1222/956 1732/1221/1732 951/1225/951 261/1226/261
f 239/1200/239 915/1199/915 1733/1227/1733 958/1228/958
f 915/1199/915 238/1192/238 954/1216/954 1733/1227/1733
f 1733/1227/1733 954/1216/954 253/1220/253 944/1229/944
f 958/1228/958 1733/1227/1733 944/1229/944 254/1230/254
f 247/1204/247 923/1203/923 1734/1231/1734 959/1232/959
f 923/1203/923 246/1196/246 956/1222/956 1734/1231/1734
f 1734/1231/1734 956/1222/956 261/1226/261 952/1233/952
f 959/1232/959 1734/1231/1734 952/1233/952 262/1234/262
f 240/1208/240 916/1207/916 1735/1235/1735 960/1236/960
f 916/1207/916 239/1200/239 958/1228/958 1735/1235/1735
f 1735/1235/1735 958/1228/958 254/1230/254 945/1237/945
f 960/1236/960 1735/1235/1735 945/1237/945 255/1238/255
f 248/1154/248 924/1212/924 1736/1239/1736 961/1240/961
f 924/1212/924 247/1211/247 959/1232/959 1736/1239/1736
f 1736/1239/1736 959/1232/959 262/1241/262 953/1242/953
f 961/1240/961 1736/1239/1736 953/1242/953 263/1243/263
f 241/1160/241 917/1214/917 1737/1244/1737 962/1245/962
f 917/1214/917 240/1208/240 960/1236/960 1737/1244/1737
f 1737/1244/1737 960/1236/960 255/1238/255 946/1246/946
f 962/1245/962 1737/1244/1737 946/1246/946 256/1247/256
f 234/1147/234 1437/1248/1437 1738/1249/1738 963/1250/963
f 1/1251/1 1439/1252/1439 1738/1249/1738 1437/1248/1437
f 249/1253/249 963/1250/963 1738/1249/1738 1439/1252/1439
f 8/1254/8 1438/1255/1438 1739/1256/1739 1440/1257/1440
f 248/1154/248 961/1240/961 1739/1256/1739 1438/1258/1438
f 263/1243/263 1440/1259/1440 1739/1256/1739 961/1240/961
f 242/1162/242 918/1161/918 1740/1260/1740 964/1261/964
f 918/1161/918 241/1160/241 962/1245/962 1740/1260/1740
f 1740/1260/1740 962/1245/962 256/1247/256 947/1262/947
f 964/1261/964 1740/1260/1740 947/1262/947 257/1263/257
f 235/1166/235 911/1165/911 1741/1264/1741 965/1265/965
f 911/1165/911 234/1147/234 963/1250/963 1741/1264/1741
f 1741/1264/1741 963/1250/963 249/1253/249 940/1266/940
f 965/1265/965 1741/1264/1741 940/1266/940 250/1267/250
f 243/1170/243 919/1169/919 1742/1268/1742 966/1269/966
f 919/1169/919 242/1162/242 964/1261/964 1742/1268/1742
f 1742/1268/1742 964/1261/964 257/1263/257 948/1270/948
f 966/1269/966 1742/1268/1742 948/1270/948 258/1271/258
f 236/1176/236 912/1175/912 1743/1272/1743 967/1273/967
f 912/1175/912 235/1174/235 965/1274/965 1743/1272/1743
f 1743/1272/1743 965/1274/965 250/1275/250 941/1276/941
f 967/1273/967 1743/1272/1743 941/1276/941 251/1277/251
f 244/1180/244 920/1179/920 1744/1278/1744 968/1279/968
f 920/1179/920 243/1170/243 966/1269/966 1744/1278/1744
f 1744/1278/1744 966/1269/966 258/1271/258 949/1280/949
f 968/1279/968 1744/1278/1744 949/1280/949 259/1281/259
f 237/1184/237 913/1183/913 1745/1282/1745 955/1217/955
f 913/1183/913 236/1176/236 967/1273/967 1745/1282/1745
f 1745/1282/1745 967/1273/967 251/1277/251 942/1283/942
f 955/1217/955 1745/1282/1745 942/1283/942 252/1218/252
f 245/1188/245 921/1187/921 1746/1284/1746 957/1223/957
f 921/1187/921 244/1180/244 968/1279/968 1746/1284/1746
f 1746/1284/1746 968/1279/968 259/1281/259 950/1285/950
f 957/1223/957 1746/1284/1746 950/1285/950 260/1224/260
f 257/1263/257 947/1262/947 1747/1286/1747 983/1287/983
f 947/1262/947 256/1247/256 984/1288/984 1747/1286/1747
f 1747/1286/1747 984/1288/984 271/1289/271 976/1290/976
f 983/1287/983 1747/1286/1747 976/1290/976 272/1291/272
f 250/1267/250 940/1266/940 1748/1292/1748 985/1293/985
f 940/1266/940 249/1253/249 986/1294/986 1748/1292/1748
f 1748/1292/1748 986/1294/986 264/1295/264 969/1296/969
f 985/1293/985 1748/1292/1748 969/1296/969 265/1297/265
f 258/1271/258 948/1270/948 1749/1298/1749 987/1299/987
f 948/1270/948 257/1263/257 983/1287/983 1749/1298/1749
f 1749/1298/1749 983/1287/983 272/1291/272 977/1300/977
f 987/1299/987 1749/1298/1749 977/1300/977 273/1301/273
f 251/1277/251 941/1276/941 1750/1302/1750 988/1303/988
f 941/1276/941 250/1275/250 985/1304/985 1750/1302/1750
f 1750/1302/1750 985/1304/985 265/1305/265 970/1306/970
f 988/1303/988 1750/1302/1750 970/1306/970 266/1307/266
f 259/1281/259 949/1280/949 1751/1308/1751 989/1309/989
f 949/1280/949 258/1271/258 987/1299/987 1751/1308/1751
f 1751/1308/1751 987/1299/987 273/1301/273 978/1310/978
f 989/1309/989 1751/1308/1751 978/1310/978 274/1311/274
f 252/1218/252 942/1283/942 1752/1312/1752 990/1313/990
f 942/1283/942 251/1277/251 988/1303/988 1752/1312/1752
f 1752/1312/1752 988/1303/988 266/1307/266 971/1314/971
f 990/1313/990 1752/1312/1752 971/1314/971 267/1315/267
f 260/1224/260 950/1285/950 1753/1316/1753 991/1317/991
f 950/1285/950 259/1281/259 989/1309/989 1753/1316/1753
f 1753/1316/1753 989/1309/989 274/1311/274 979/1318/979
f 991/1317/991 1753/1316/1753 979/1318/979 275/1319/275
f 253/1220/253 943/1219/943 1754/1320/1754 992/1321/992
f 943/1219/943 252/1218/252 990/1313/990 1754/1320/1754
f 1754/1320/1754 990/1313/990 267/1315/267 972/1322/972
f 992/1321/992 1754/1320/1754 972/1322/972 268/1323/268
f 261/1226/261 951/1225/951 1755/1324/1755 993/1325/993
f 951/1225/951 260/1224/260 991/1317/991 1755/1324/1755
f 1755/1324/1755 991/1317/991 275/1319/275 980/1326/980
f 993/1325/993 1755/1324/1755 980/1326/980 276/1327/276
f 254/1230/254 944/1229/944 1756/1328/1756 994/1329/994
f 944/1229/944 253/1220/253 992/1321/992 1756/1328/1756
f 1756/1328/1756 992/1321/992 268/1323/268 973/1330/973
f 994/1329/994 1756/1328/1756 973/1330/973 269/1331/269
f 262/1234/262 952/1233/952 1757/1332/1757 995/1333/995
f 952/1233/952 261/1226/261 993/1325/993 1757/1332/1757
f 1757/1332/1757 993/1325/993 276/1327/276 981/1334/981
f 995/1333/995 1757/1332/1757 981/1334/981 277/1335/277
f 255/1238/255 945/1237/945 1758/1336/1758 996/1337/996
f 945/1237/945 254/1230/254 994/1329/994 1758/1336/1758
f 1758/1336/1758 994/1329/994 269/1331/269 974/1338/974
f 996/1337/996 1758/1336/1758 974/1338/974 270/1339/270
f 263/1243/263 953/1242/953 1759/1340/1759 997/1341/997
f 953/1242/953 262/1241/262 995/1342/995 1759/1340/1759
f 1759/1340/1759 995/1342/995 277/1335/277 982/1343/982
f 997/1341/997 1759/1340/1759 982/1343/982 278/1344/278
f 256/1247/256 946/1246/946 1760/1345/1760 984/1288/984
f 946/1246/946 255/1238/255 996/1337/996 1760/1345/1760
f 1760/1345/1760 996/1337/996 270/1339/270 975/1346/975
f 984/1288/984 1760/1345/1760 975/1346/975 271/1289/271
f 249/1253/249 1439/1347/1439 1761/1348/1761 986/1294/986
f 1/1349/1 1441/1350/1441 1761/1348/1761 1439/1347/1439
f 264/1295/264 986/1351/986 1761/1348/1761 1441/1352/1441
f 8/1353/8 1440/1354/1440 1762/1355/1762 1442/1356/1442
f 263/1243/263 997/1341/997 1762/1355/1762 1440/1357/1440
f 278/1344/278 1442/1358/1442 1762/1355/1762 997/1359/997
f 276/1327/276 980/1326/980 1763/1360/1763 1012/1361/1012
f 980/1326/980 275/1319/275 1013/1362/1013 1763/1360/1763
f 1763/1360/1763 1013/1362/1013 290/1363/290 1009/1364/1009
f 1012/1361/1012 1763/1360/1763 1009/1364/1009 291/1365/291
f 269/1331/269 973/1330/973 1764/1366/1764 1014/1367/1014
f 973/1330/973 268/1323/268 1015/1368/1015 1764/1366/1764
f 1764/1366/1764 1015/1368/1015 283/1369/283 1002/1370/1002
f 1014/1367/1014 1764/1366/1764 1002/1370/1002 284/1371/284
f 277/1335/277 981/1334/981 1765/1372/1765 1016/1373/1016
f 981/1334/981 276/1327/276 1012/1361/1012 1765/1372/1765
f 1765/1372/1765 1012/1361/1012 291/1365/291 1010/1374/1010
f 1016/1373/1016 1765/1372/1765 1010/1374/1010 292/1375/292
f 270/1339/270 974/1338/974 1766/1376/1766 1017/1377/1017
f 974/1338/974 269/1331/269 1014/1367/1014 1766/1376/1766
f 1766/1376/1766 1014/1367/1014 284/1371/284 1003/1378/1003
f 1017/1377/1017 1766/1376/1766 1003/1378/1003 285/1379/285
f 278/1344/278 982/1343/982 1767/1380/1767 1018/1381/1018
f 982/1343/982 277/1335/277 1016/1382/1016 1767/1380/1767
f 1767/1380/1767 1016/1382/1016 292/1383/292 1011/1384/1011
f 1018/1381/1018 1767/1380/1767 1011/1384/1011 293/1385/293
f 271/1289/271 975/1346/975 1768/1386/1768 1019/1387/1019
f 975/1346/975 270/1339/270 1017/1377/1017 1768/1386/1768
f 1768/1386/1768 1017/1377/1017 285/1379/285 1004/1388/1004
f 1019/1387/1019 1768/1386/1768 1004/1388/1004 286/1389/286
f 264/1295/264 1441/1390/1441 1769/1391/1769 1020/1392/1020
f 1/1393/1 1443/1394/1443 1769/1391/1769 1441/1390/1441
f 279/1395/279 1020/1396/1020 1769/1391/1769 1443/1394/1443
f 8/1397/8 1442/1398/1442 1770/1399/1770 1444/1400/1444
f 278/1344/278 1018/1401/1018 1770/1399/1770 1442/1402/1442
f 293/1385/293 1444/1403/1444 1770/1399/1770 1018/1401/1018
f 272/1291/272 976/1290/976 1771/1404/1771 1021/1405/1021
f 976/1290/976 271/1289/271 1019/1387/1019 1771/1404/1771
f 1771/1404/1771 1019/1387/1019 286/1389/286 1005/1406/1005
f 1021/1405/1021 1771/1404/1771 1005/1406/1005 287/1407/287
f 265/1297/265 969/1296/969 1772/1408/1772 1022/1409/1022
f 969/1296/969 264/1295/264 1020/1392/1020 1772/1408/1772
f 1772/1408/1772 1020/1392/1020 279/1395/279 998/1410/998
f 1022/1409/1022 1772/1408/1772 998/1410/998 280/1411/280
f 273/1301/273 977/1300/977 1773/1412/1773 1023/1413/1023
f 977/1300/977 272/1291/272 1021/1405/1021 1773/1412/1773
f 1773/1412/1773 1021/1405/1021 287/1407/287 1006/1414/1006
f 1023/1413/1023 1773/1412/1773 1006/1414/1006 288/1415/288
f 266/1307/266 970/1306/970 1774/1416/1774 1024/1417/1024
f 970/1306/970 265/1305/265 1022/1418/1022 1774/1416/1774
f 1774/1416/1774 1022/1418/1022 280/1419/280 999/1420/999
f 1024/1417/1024 1774/1416/1774 999/1420/999 281/1421/281
f 274/1311/274 978/1310/978 1775/1422/1775 1025/1423/1025
f 978/1310/978 273/1301/273 1023/1413/1023 1775/1422/1775
f 1775/1422/1775 1023/1413/1023 288/1415/288 1007/1424/1007
f 1025/1423/1025 1775/1422/1775 1007/1424/1007 289/1425/289
f 267/1315/267 971/1314/971 1776/1426/1776 1026/1427/1026
f 971/1314/971 266/1307/266 1024/1417/1024 1776/1426/1776
f 1776/1426/1776 1024/1417/1024 281/1421/281 1000/1428/1000
f 1026/1427/1026 1776/1426/1776 1000/1428/1000 282/1429/282
f 275/1319/275 979/1318/979 1777/1430/1777 1013/1362/1013
f 979/1318/979 274/1311/274 1025/1423/1025 1777/1430/1777
f 1777/1430/1777 1025/1423/1025 289/1425/289 1008/1431/1008
f 1013/1362/1013 1777/1430/1777 1008/1431/1008 290/1363/290
f 268/1323/268 972/1322/972 1778/1432/1778 1015/1368/1015
f 972/1322/972 267/1315/267 1026/1427/1026 1778/1432/1778
f 1778/1432/1778 1026/1427/1026 282/1429/282 1001/1433/1001
f 1015/1368/1015 1778/1432/1778 1001/1433/1001 283/1369/283
f 280/1411/280 998/1410/998 1779/1434/1779 1041/1435/1041
f 998/1410/998 279/1395/279 1042/1436/1042 1779/1434/1779
f 1779/1434/1779 1042/1436/1042 294/1437/294 1027/1438/1027
f 1041/1435/1041 1779/1434/1779 1027/1438/1027 295/1439/295
f 288/1415/288 1006/1414/1006 1780/1440/1780 1043/1441/1043
f 1006/1414/1006 287/1407/287 1044/1442/1044 1780/1440/1780
f 1780/1440/1780 1044/1442/1044 302/1443/302 1035/1444/1035
f 1043/1441/1043 1780/1440/1780 1035/1444/1035 303/1445/303
f 281/1421/281 999/1420/999 1781/1446/1781 1045/1447/1045
f 999/1420/999 280/1419/280 1041/1448/1041 1781/1446/1781
f 1781/1446/1781 1041/1448/1041 295/1449/295 1028/1450/1028
f 1045/1447/1045 1781/1446/1781 1028/1450/1028 296/1451/296
f 289/1425/289 1007/1424/1007 1782/1452/1782 1046/1453/1046
f 1007/1424/1007 288/1415/288 1043/1441/1043 1782/1452/1782
f 1782/1452/1782 1043/1441/1043 303/1445/303 1036/1454/1036
f 1046/1453/1046 1782/1452/1782 1036/1454/1036 304/1455/304
f 282/1429/282 1000/1428/1000 1783/1456/1783 1047/1457/1047
f 1000/1428/1000 281/1421/281 1045/1447/1045 1783/1456/1783
f 1783/1456/1783 1045/1447/1045 296/1451/296 1029/1458/1029
f 1047/1457/1047 1783/1456/1783 1029/1458/1029 297/1459/297
f 290/1363/290 1008/1431/1008 1784/1460/1784 1048/1461/1048
f 1008/1431/1008 289/1425/289 1046/1453/1046 1784/1460/1784
f 1784/1460/1784 1046/1453/1046 304/1455/304 1037/1462/1037
f 1048/1461/1048 1784/1460/1784 1037/1462/1037 305/1463/305
f 283/1369/283 1001/1433/1001 1785/1464/1785 1049/1465/1049
f 1001/1433/1001 282/1429/282 1047/1457/1047 1785/1464/1785
f 1785/1464/1785 1047/1457/1047 297/1459/297 1030/1466/1030
f 1049/1465/1049 1785/1464/1785 1030/1466/1030 298/1467/298
f 291/1365/291 1009/1364/1009 1786/1468/1786 1050/1469/1050
f 1009/1364/1009 290/1363/290 1048/1461/1048 1786/1468/1786
f 1786/1468/1786 1048/1461/1048 305/1463/305 1038/1470/1038
f 1050/1469/1050 1786/1468/1786 1038/1470/1038 306/1471/306
f 284/1371/284 1002/1370/1002 1787/1472/1787 1051/1473/1051
f 1002/1370/1002 283/1369/283 1049/1465/1049 1787/1472/1787
f 1787/1472/1787 1049/1465/1049 298/1467/298 1031/1474/1031
f 1051/1473/1051 1787/1472/1787 1031/1474/1031 299/1475/299
f 292/1375/292 1010/1374/1010 1788/1476/1788 1052/1477/1052
f 1010/1374/1010 291/1365/291 1050/1469/1050 1788/1476/1788
f 1788/1476/1788 1050/1469/1050 306/1471/306 1039/1478/1039
f 1052/1477/1052 1788/1476/1788 1039/1478/1039 307/1479/307
f 285/1379/285 1003/1378/1003 1789/1480/1789 1053/1481/1053
f 1003/1378/1003 284/1371/284 1051/1473/1051 1789/1480/1789
f 1789/1480/1789 1051/1473/1051 299/1475/299 1032/1482/1032
f 1053/1481/1053 1789/1480/1789 1032/1482/1032 300/1483/300
f 293/1385/293 1011/1384/1011 1790/1484/1790 1054/1485/1054
f 1011/1384/1011 292/1383/292 1052/1486/1052 1790/1484/1790
f 1790/1484/1790 1052/1486/1052 307/1487/307 1040/1488/1040
f 1054/1485/1054 1790/1484/1790 1040/1488/1040 308/1489/308
f 286/1389/286 1004/1388/1004 1791/1490/1791 1055/1491/1055
f 1004/1388/1004 285/1379/285 1053/1481/1053 1791/1490/1791
f 1791/1490/1791 1053/1481/1053 300/1483/300 1033/1492/1033
f 1055/1491/1055 1791/1490/1791 1033/1492/1033 301/1493/301
f 279/1395/279 1443/1494/1443 1792/1495/1792 1042/1436/1042
f 1/1496/1 1445/1497/1445 1792/1495/1792 1443/1494/1443
f 294/1437/294 1042/1498/1042 1792/1495/1792 1445/1497/1445
f 8/1499/8 1444/1500/1444 1793/1501/1793 1446/1502/1446
f 293/1385/293 1054/1485/1054 1793/1501/1793 1444/1503/1444
f 308/1489/308 1446/1504/1446 1793/1501/1793 1054/1505/1054
f 287/1407/287 1005/1406/1005 1794/1506/1794 1044/1442/1044
f 1005/1406/1005 286/1389/286 1055/1491/1055 1794/1506/1794
f 1794/1506/1794 1055/1491/1055 301/1493/301 1034/1507/1034
f 1044/1442/1044 1794/1506/1794 1034/1507/1034 302/1443/302
f 299/1475/299 1031/1474/1031 1795/1508/1795 1070/1509/1070
f 1031/1474/1031 298/1467/298 1071/1510/1071 1795/1508/1795
f 1795/1508/1795 1071/1510/1071 313/1511/313 1060/1512/1060
f 1070/1509/1070 1795/1508/1795 1060/1512/1060 314/1513/314
f 307/1479/307 1039/1478/1039 1796/1514/1796 1072/1515/1072
f 1039/1478/1039 306/1471/306 1073/1516/1073 1796/1514/1796
f 1796/1514/1796 1073/1516/1073 321/1517/321 1068/1518/1068
f 1072/1515/1072 1796/1514/1796 1068/1518/1068 322/1519/322
f 300/1483/300 1032/1482/1032 1797/1520/1797 1074/1521/1074
f 1032/1482/1032 299/1475/299 1070/1509/1070 1797/1520/1797
f 1797/1520/1797 1070/1509/1070 314/1513/314 1061/1522/1061
f 1074/1521/1074 1797/1520/1797 1061/1522/1061 315/1523/315
f 308/1489/308 1040/1488/1040 1798/1524/1798 1075/1525/1075
f 1040/1488/1040 307/1487/307 1072/1526/1072 1798/1524/1798
f 1798/1524/1798 1072/1526/1072 322/1527/322 1069/1528/1069
f 1075/1525/1075 1798/1524/1798 1069/1528/1069 323/1529/323
f 301/1493/301 1033/1492/1033 1799/1530/1799 1076/1531/1076
f 1033/1492/1033 300/1483/300 1074/1521/1074 1799/1530/1799
f 1799/1530/1799 1074/1521/1074 315/1523/315 1062/1532/1062
f 1076/1531/1076 1799/1530/1799 1062/1532/1062 316/1533/316
f 294/1437/294 1445/1534/1445 1800/1535/1800 1077/1536/1077
f 1/1537/1 1447/1538/1447 1800/1535/1800 1445/1534/1445
f 309/1539/309 1077/1536/1077 1800/1535/1800 1447/1540/1447
f 8/1541/8 1446/1542/1446 1801/1543/1801 1448/1544/1448
f 308/1489/308 1075/1525/1075 1801/1543/1801 1446/1545/1446
f 323/1529/323 1448/1546/1448 1801/1543/1801 1075/1525/1075
f 302/1443/302 1034/1507/1034 1802/1547/1802 1078/1548/1078
f 1034/1507/1034 301/1493/301 1076/1531/1076 1802/1547/1802
f 1802/1547/1802 1076/1531/1076 316/1533/316 1063/1549/1063
f 1078/1548/1078 1802/1547/1802 1063/1549/1063 317/1550/317
f 295/1439/295 1027/1438/1027 1803/1551/1803 1079/1552/1079
f 1027/1438/1027 294/1437/294 1077/1536/1077 1803/1551/1803
f 1803/1551/1803 1077/1536/1077 309/1539/309 1056/1553/1056
f 1079/1552/1079 1803/1551/1803 1056/1553/1056 310/1554/310
f 303/1445/303 1035/1444/1035 1804/1555/1804 1080/1556/1080
f 1035/1444/1035 302/1443/302 1078/1548/1078 1804/1555/1804
f 1804/1555/1804 1078/1548/1078 317/1550/317 1064/1557/1064
f 1080/1556/1080 1804/1555/1804 1064/1557/1064 318/1558/318
f 296/1451/296 1028/1450/1028 1805/1559/1805 1081/1560/1081
f 1028/1450/1028 295/1449/295 1079/1561/1079 1805/1559/1805
f 1805/1559/1805 1079/1561/1079 310/1562/310 1057/1563/1057
f 1081/1560/1081 1805/1559/1805 1057/1563/1057 311/1564/311
f 304/1455/304 1036/1454/1036 1806/1565/1806 1082/1566/1082
f 1036/1454/1036 303/1445/303 1080/1556/1080 1806/1565/1806
f 1806/1565/1806 1080/1556/1080 318/1558/318 1065/1567/1065
f 1082/1566/1082 1806/1565/1806 1065/1567/1065 319/1568/319
f 297/1459/297 1029/1458/1029 1807/1569/1807 1083/1570/1083
f 1029/1458/1029 296/1451/296 1081/1560/1081 1807/1569/1807
f 1807/1569/1807 1081/1560/1081 311/1564/311 1058/1571/1058
f 1083/1570/1083 1807/1569/1807 1058/1571/1058 312/1572/312
f 305/1463/305 1037/1462/1037 1808/1573/1808 1084/1574/1084
f 1037/1462/1037 304/1455/304 1082/1566/1082 1808/1573/1808
f 1808/1573/1808 1082/1566/1082 319/1568/319 1066/1575/1066
f 1084/1574/1084 1808/1573/1808 1066/1575/1066 320/1576/320
f 298/1467/298 1030/1466/1030 1809/1577/1809 1071/1510/1071
f 1030/1466/1030 297/1459/297 1083/1570/1083 1809/1577/1809
f 1809/1577/1809 1083/1570/1083 312/1572/312 1059/1578/1059
f 1071/1510/1071 1809/1577/1809 1059/1578/1059 313/1511/313
f 306/1471/306 1038/1470/1038 1810/1579/1810 1073/1516/1073
f 1038/1470/1038 305/1463/305 1084/1574/1084 1810/1579/1810
f 1810/1579/1810 1084/1574/1084 320/1576/320 1067/1580/1067
f 1073/1516/1073 1810/1579/1810 1067/1580/1067 321/1517/321
f 318/1558/318 1064/1557/1064 1811/1581/1811 1099/1582/1099
f 1064/1557/1064 317/1550/317 1100/1583/1100 1811/1581/1811
f 1811/1581/1811 1100/1583/1100 332/1584/332 1093/1585/1093
f 1099/1582/1099 1811/1581/1811 1093/1585/1093 333/1586/333
f 311/1564/311 1057/1563/1057 1812/1587/1812 1101/1588/1101
f 1057/1563/1057 310/1562/310 1102/1589/1102 1812/1587/1812
f 1812/1587/1812 1102/1589/1102 325/1590/325 1086/1591/1086
f 1101/1588/1101 1812/1587/1812 1086/1591/1086 326/1592/326
f 319/1568/319 1065/1567/1065 1813/1593/1813 1103/1594/1103
f 1065/1567/1065 318/1558/318 1099/1582/1099 1813/1593/1813
f 1813/1593/1813 1099/1582/1099 333/1586/333 1094/1595/1094
f 1103/1594/1103 1813/1593/1813 1094/1595/1094 334/1596/334
f 312/1572/312 1058/1571/1058 1814/1597/1814 1104/1598/1104
f 1058/1571/1058 311/1564/311 1101/1588/1101 1814/1597/1814
f 1814/1597/1814 1101/1588/1101 326/1592/326 1087/1599/1087
f 1104/1598/1104 1814/1597/1814 1087/1599/1087 327/1600/327
f 320/1576/320 1066/1575/1066 1815/1601/1815 1105/1602/1105
f 1066/1575/1066 319/1568/319 1103/1594/1103 1815/1601/1815
f 1815/1601/1815 1103/1594/1103 334/1596/334 1095/1603/1095
f 1105/1602/1105 1815/1601/1815 1095/1603/1095 335/1604/335
f 313/1511/313 1059/1578/1059 1816/1605/1816 1106/1606/1106
f 1059/1578/1059 312/1572/312 1104/1598/1104 1816/1605/1816
f 1816/1605/1816 1104/1598/1104 327/1600/327 1088/1607/1088
f 1106/1606/1106 1816/1605/1816 1088/1607/1088 328/1608/328
f 321/1517/321 1067/1580/1067 1817/1609/1817 1107/1610/1107
f 1067/1580/1067 320/1576/320 1105/1602/1105 1817/1609/1817
f 1817/1609/1817 1105/1602/1105 335/1604/335 1096/1611/1096
f 1107/1610/1107 1817/1609/1817 1096/1611/1096 336/1612/336
f 314/1513/314 1060/1512/1060 1818/1613/1818 1108/1614/1108
f 1060/1512/1060 313/1511/313 1106/1606/1106 1818/1613/1818
f 1818/1613/1818 1106/1606/1106 328/1608/328 1089/1615/1089
f 1108/1614/1108 1818/1613/1818 1089/1615/1089 329/1616/329
f 322/1519/322 1068/1518/1068 1819/1617/1819 1109/1618/1109
f 1068/1518/1068 321/1517/321 1107/1610/1107 1819/1617/1819
f 1819/1617/1819 1107/1610/1107 336/1612/336 1097/1619/1097
f 1109/1618/1109 1819/1617/1819 1097/1619/1097 337/1620/337
f 315/1523/315 1061/1522/1061 1820/1621/1820 1110/1622/1110
f 1061/1522/1061 314/1513/314 1108/1614/1108 1820/1621/1820
f 1820/1621/1820 1108/1614/1108 329/1616/329 1090/1623/1090
f 1110/1622/1110 1820/1621/1820 1090/1623/1090 330/1624/330
f 323/1529/323 1069/1528/1069 1821/1625/1821 1111/1626/1111
f 1069/1528/1069 322/1527/322 1109/1627/1109 1821/1625/1821
f 1821/1625/1821 1109/1627/1109 337/1628/337 1098/1629/1098
f 1111/1626/1111 1821/1625/1821 1098/1629/1098 338/1630/338
f 316/1533/316 1062/1532/1062 1822/1631/1822 1112/1632/1112
f 1062/1532/1062 315/1523/315 1110/1622/1110 1822/1631/1822
f 1822/1631/1822 1110/1622/1110 330/1624/330 1091/1633/1091
f 1112/1632/1112 1822/1631/1822 1091/1633/1091 331/1634/331
f 309/1539/309 1447/1635/1447 1823/1636/1823 1113/1637/1113
f 1/1638/1 1449/1639/1449 1823/1636/1823 1447/1635/1447
f 324/1640/324 1113/1641/1113 1823/1636/1823 1449/1639/1449
f 8/1642/8 1448/1643/1448 1824/1644/1824 1450/1645/1450
f 323/1529/323 1111/1626/1111 1824/1644/1824 1448/1646/1448
f 338/1630/338 1450/1647/1450 1824/1644/1824 1111/1648/1111
f 317/1550/317 1063/1549/1063 1825/1649/1825 1100/1583/1100
f 1063/1549/1063 316/1533/316 1112/1632/1112 1825/1649/1825
f 1825/1649/1825 1112/1632/1112 331/1634/331 1092/1650/1092
f 1100/1583/1100 1825/1649/1825 1092/1650/1092 332/1584/332
f 310/1554/310 1056/1553/1056 1826/1651/1826 1102/1652/1102
f 1056/1553/1056 309/1539/309 1113/1637/1113 1826/1651/1826
f 1826/1651/1826 1113/1637/1113 324/1640/324 1085/1653/1085
f 1102/1652/1102 1826/1651/1826 1085/1653/1085 325/1654/325
f 337/1620/337 1097/1619/1097 1827/1655/1827 1128/1656/1128
f 1097/1619/1097 336/1612/336 1129/1657/1129 1827/1655/1827
f 1827/1655/1827 1129/1657/1129 351/1658/351 1126/1659/1126
f 1128/1656/1128 1827/1655/1827 1126/1659/1126 352/1660/352
f 330/1624/330 1090/1623/1090 1828/1661/1828 1130/1662/1130
f 1090/1623/1090 329/1616/329 1131/1663/1131 1828/1661/1828
f 1828/1661/1828 1131/1663/1131 344/1664/344 1119/1665/1119
f 1130/1662/1130 1828/1661/1828 1119/1665/1119 345/1666/345
f 338/1630/338 1098/1629/1098 1829/1667/1829 1132/1668/1132
f 1098/1629/1098 337/1628/337 1128/1669/1128 1829/1667/1829
f 1829/1667/1829 1128/1669/1128 352/1670/352 1127/1671/1127
f 1132/1668/1132 1829/1667/1829 1127/1671/1127 353/1672/353
f 331/1634/331 1091/1633/1091 1830/1673/1830 1133/1674/1133
f 1091/1633/1091 330/1624/330 1130/1662/1130 1830/1673/1830
f 1830/1673/1830 1130/1662/1130 345/1666/345 1120/1675/1120
f 1133/1674/1133 1830/1673/1830 1120/1675/1120 346/1676/346
f 324/1640/324 1449/1677/1449 1831/1678/1831 1134/1679/1134
f 1/1680/1 1451/1681/1451 1831/1678/1831 1449/1677/1449
f 339/1682/339 1134/1679/1134 1831/1678/1831 1451/1683/1451
f 8/1684/8 1450/1685/1450 1832/1686/1832 1452/1687/1452
f 338/1630/338 1132/1668/1132 1832/1686/1832 1450/1688/1450
f 353/1672/353 1452/1689/1452 1832/1686/1832 1132/1668/1132
f 332/1584/332 1092/1650/1092 1833/1690/1833 1135/1691/1135
f 1092/1650/1092 331/1634/331 1133/1674/1133 1833/1690/1833
f 1833/1690/1833 1133/1674/1133 346/1676/346 1121/1692/1121
f 1135/1691/1135 1833/1690/1833 1121/1692/1121 347/1693/347
f 325/1654/325 1085/1653/1085 1834/1694/1834 1136/1695/1136
f 1085/1653/1085 324/1640/324 1134/1679/1134 1834/1694/1834
f 1834/1694/1834 1134/1679/1134 339/1682/339 1114/1696/1114
f 1136/1695/1136 1834/1694/1834 1114/1696/1114 340/1697/340
f 333/1586/333 1093/1585/1093 1835/1698/1835 1137/1699/1137
f 1093/1585/1093 332/1584/332 1135/1691/1135 1835/1698/1835
f 1835/1698/1835 1135/1691/1135 347/1693/347 1122/1700/1122
f 1137/1699/1137 1835/1698/1835 1122/1700/1122 348/1701/348
f 326/1592/326 1086/1591/1086 1836/1702/1836 1138/1703/1138
f 1086/1591/1086 325/1590/325 1136/1704/1136 1836/1702/1836
f 1836/1702/1836 1136/1704/1136 340/1705/340 1115/1706/1115
f 1138/1703/1138 1836/1702/1836 1115/1706/1115 341/1707/341
f 334/1596/334 1094/1595/1094 1837/1708/1837 1139/1709/1139
f 1094/1595/1094 333/1586/333 1137/1699/1137 1837/1708/1837
f 1837/1708/1837 1137/1699/1137 348/1701/348 1123/1710/1123
f 1139/1709/1139 1837/1708/1837 1123/1710/1123 349/1711/349
f 327/1600/327 1087/1599/1087 1838/1712/1838 1140/1713/1140
f 1087/1599/1087 326/1592/326 1138/1703/1138 1838/1712/1838
f 1838/1712/1838 1138/1703/1138 341/1707/341 1116/1714/1116
f 1140/1713/1140 1838/1712/1838 1116/1714/1116 342/1715/342
f 335/1604/335 1095/1603/1095 1839/1716/1839 1141/1717/1141
f 1095/1603/1095 334/1596/334 1139/1709/1139 1839/1716/1839
f 1839/1716/1839 1139/1709/1139 349/1711/349 1124/1718/1124
f 1141/1717/1141 1839/1716/1839 1124/1718/1124 350/1719/350
f 328/1608/328 1088/1607/1088 1840/1720/1840 1142/1721/1142
f 1088/1607/1088 327/1600/327 1140/1713/1140 1840/1720/1840
f 1840/1720/1840 1140/1713/1140 342/1715/342 1117/1722/1117
f 1142/1721/1142 1840/1720/1840 1117/1722/1117 343/1723/343
f 336/1612/336 1096/1611/1096 1841/1724/1841 1129/1657/1129
f 1096/1611/1096 335/1604/335 1141/1717/1141 1841/1724/1841
f 1841/1724/1841 1141/1717/1141 350/1719/350 1125/1725/1125
f 1129/1657/1129 1841/1724/1841 1125/1725/1125 351/1658/351
f 329/1616/329 1089/1615/1089 1842/1726/1842 1131/1663/1131
f 1089/1615/1089 328/1608/328 1142/1721/1142 1842/1726/1842
f 1842/1726/1842 1142/1721/1142 343/1723/343 1118/1727/1118
f 1131/1663/1131 1842/1726/1842 1118/1727/1118 344/1664/344
f 349/1711/349 1123/1728/1123 1843/1729/1843 1157/1730/1157
f 1123/1728/1123 348/1701/348 1158/1731/1158 1843/1729/1843
f 1843/1729/1843 1158/1731/1158 363/1732/363 1152/1733/1152
f 1157/1730/1157 1843/1729/1843 1152/1733/1152 364/1734/364
f 342/1735/342 1116/1736/1116 1844/1737/1844 1159/1738/1159
f 1116/1736/1116 341/1739/341 1160/1740/1160 1844/1737/1844
f 1844/1737/1844 1160/1740/1160 356/1741/356 1145/1742/1145
f 1159/1738/1159 1844/1737/1844 1145/1742/1145 357/1743/357
f 350/1744/350 1124/1745/1124 1845/1746/1845 1161/1747/1161
f 1124/1745/1124 349/1711/349 1157/1730/1157 1845/1746/1845
f 1845/1746/1845 1157/1730/1157 364/1734/364 1153/1748/1153
f 1161/1747/1161 1845/1746/1845 1153/1748/1153 365/1749/365
f 343/1723/343 1117/1750/1117 1846/1751/1846 1162/1752/1162
f 1117/1750/1117 342/1735/342 1159/1738/1159 1846/1751/1846
f 1846/1751/1846 1159/1738/1159 357/1743/357 1146/1753/1146
f 1162/1752/1162 1846/1751/1846 1146/1753/1146 358/1754/358
f 351/1755/351 1125/1756/1125 1847/1757/1847 1163/1758/1163
f 1125/1756/1125 350/1744/350 1161/1747/1161 1847/1757/1847
f 1847/1757/1847 1161/1747/1161 365/1749/365 1154/1759/1154
f 1163/1758/1163 1847/1757/1847 1154/1759/1154 366/1760/366
f 344/1761/344 1118/1762/1118 1848/1763/1848 1164/1764/1164
f 1118/1762/1118 343/1723/343 1162/1752/1162 1848/1763/1848
f 1848/1763/1848 1162/1752/1162 358/1754/358 1147/1765/1147
f 1164/1764/1164 1848/1763/1848 1147/1765/1147 359/1766/359
f 352/1670/352 1126/1767/1126 1849/1768/1849 1165/1769/1165
f 1126/1767/1126 351/1755/351 1163/1758/1163 1849/1768/1849
f 1849/1768/1849 1163/1758/1163 366/1760/366 1155/1770/1155
f 1165/1769/1165 1849/1768/1849 1155/1770/1155 367/1771/367
f 345/1772/345 1119/1773/1119 1850/1774/1850 1166/1775/1166
f 1119/1773/1119 344/1761/344 1164/1764/1164 1850/1774/1850
f 1850/1774/1850 1164/1764/1164 359/1766/359 1148/1776/1148
f 1166/1775/1166 1850/1774/1850 1148/1776/1148 360/1777/360
f 353/1672/353 1127/1671/1127 1851/1778/1851 1167/1779/1167
f 1127/1671/1127 352/1670/352 1165/1769/1165 1851/1778/1851
f 1851/1778/1851 1165/1769/1165 367/1771/367 1156/1780/1156
f 1167/1779/1167 1851/1778/1851 1156/1780/1156 368/1781/368
f 346/1782/346 1120/1675/1120 1852/1783/1852 1168/1784/1168
f 1120/1675/1120 345/1772/345 1166/1775/1166 1852/1783/1852
f 1852/1783/1852 1166/1775/1166 360/1777/360 1149/1785/1149
f 1168/1784/1168 1852/1783/1852 1149/1785/1149 361/1786/361
f 339/1682/339 1451/1787/1451 1853/1788/1853 1169/1789/1169
f 1/1790/1 1453/1791/1453 1853/1788/1853 1451/1792/1451
f 354/1793/354 1169/1794/1169 1853/1788/1853 1453/1791/1453
f 8/1795/8 1452/1796/1452 1854/1797/1854 1454/1798/1454
f 353/1672/353 1167/1799/1167 1854/1797/1854 1452/1800/1452
f 368/1781/368 1454/1801/1454 1854/1797/1854 1167/1779/1167
f 347/1802/347 1121/1692/1121 1855/1803/1855 1170/1804/1170
f 1121/1692/1121 346/1782/346 1168/1784/1168 1855/1803/1855
f 1855/1803/1855 1168/1784/1168 361/1786/361 1150/1805/1150
f 1170/1804/1170 1855/1803/1855 1150/1805/1150 362/1806/362
f 340/1697/340 1114/1696/1114 1856/1807/1856 1171/1808/1171
f 1114/1696/1114 339/1682/339 1169/1789/1169 1856/1807/1856
f 1856/1807/1856 1169/1789/1169 354/1793/354 1143/1809/1143
f 1171/1808/1171 1856/1807/1856 1143/1809/1143 355/1810/355
f 348/1701/348 1122/1700/1122 1857/1811/1857 1158/1731/1158
f 1122/1700/1122 347/1802/347 1170/1804/1170 1857/1811/1857
f 1857/1811/1857 1170/1804/1170 362/1806/362 1151/1812/1151
f 1158/1731/1158 1857/1811/1857 1151/1812/1151 363/1732/363
f 341/1739/341 1115/1706/1115 1858/1813/1858 1160/1740/1160
f 1115/1706/1115 340/1697/340 1171/1808/1171 1858/1813/1858
f 1858/1813/1858 1171/1808/1171 355/1810/355 1144/1814/1144
f 1160/1740/1160 1858/1813/1858 1144/1814/1144 356/1741/356
f 368/1815/368 1156/1816/1156 1859/1817/1859 1186/1818/1186
f 1156/1816/1156 367/1819/367 1187/1820/1187 1859/1817/1859
f 1859/1817/1859 1187/1820/1187 382/1821/382 1185/1822/1185
f 1186/1818/1186 1859/1817/1859 1185/1822/1185 383/1823/383
f 361/1824/361 1149/1825/1149 1860/1826/1860 1188/1827/1188
f 1149/1825/1149 360/1828/360 1189/1829/1189 1860/1826/1860
f 1860/1826/1860 1189/1829/1189 375/1830/375 1178/1831/1178
f 1188/1827/1188 1860/1826/1860 1178/1831/1178 376/1832/376
f 354/1833/354 1453/1834/1453 1861/1835/1861 1190/1836/1190
f 1/1837/1 1455/1838/1455 1861/1835/1861 1453/1834/1453
f 369/1839/369 1190/1840/1190 1861/1835/1861 1455/1838/1455
f 8/1841/8 1454/1842/1454 1862/1843/1862 1456/1844/1456
f 368/1815/368 1186/1845/1186 1862/1843/1862 1454/1846/1454
f 383/1823/383 1456/1847/1456 1862/1843/1862 1186/1845/1186
f 362/1848/362 1150/1849/1150 1863/1850/1863 1191/1851/1191
f 1150/1849/1150 361/1824/361 1188/1827/1188 1863/1850/1863
f 1863/1850/1863 1188/1827/1188 376/1832/376 1179/1852/1179
f 1191/1851/1191 1863/1850/1863 1179/1852/1179 377/1853/377
f 355/1854/355 1143/1855/1143 1864/1856/1864 1192/1857/1192
f 1143/1855/1143 354/1833/354 1190/1836/1190 1864/1856/1864
f 1864/1856/1864 1190/1836/1190 369/1839/369 1172/1858/1172
f 1192/1857/1192 1864/1856/1864 1172/1858/1172 370/1859/370
f 363/1860/363 1151/1861/1151 1865/1862/1865 1193/1863/1193
f 1151/1861/1151 362/1848/362 1191/1851/1191 1865/1862/1865
f 1865/1862/1865 1191/1851/1191 377/1853/377 1180/1864/1180
f 1193/1863/1193 1865/1862/1865 1180/1864/1180 378/1865/378
f 356/1866/356 1144/1867/1144 1866/1868/1866 1194/1869/1194
f 1144/1867/1144 355/1854/355 1192/1857/1192 1866/1868/1866
f 1866/1868/1866 1192/1857/1192 370/1859/370 1173/1870/1173
f 1194/1869/1194 1866/1868/1866 1173/1870/1173 371/1871/371
f 364/1872/364 1152/1873/1152 1867/1874/1867 1195/1875/1195
f 1152/1873/1152 363/1860/363 1193/1863/1193 1867/1874/1867
f 1867/1874/1867 1193/1863/1193 378/1865/378 1181/1876/1181
f 1195/1875/1195 1867/1874/1867 1181/1876/1181 379/1877/379
f 357/1878/357 1145/1879/1145 1868/1880/1868 1196/1881/1196
f 1145/1879/1145 356/1866/356 1194/1869/1194 1868/1880/1868
f 1868/1880/1868 1194/1869/1194 371/1871/371 1174/1882/1174
f 1196/1881/1196 1868/1880/1868 1174/1882/1174 372/1883/372
f 365/1884/365 1153/1885/1153 1869/1886/1869 1197/1887/1197
f 1153/1885/1153 364/1872/364 1195/1875/1195 1869/1886/1869
f 1869/1886/1869 1195/1875/1195 379/1877/379 1182/1888/1182
f 1197/1887/1197 1869/1886/1869 1182/1888/1182 380/1889/380
f 358/1890/358 1146/1891/1146 1870/1892/1870 1198/1893/1198
f 1146/1891/1146 357/1878/357 1196/1881/1196 1870/1892/1870
f 1870/1892/1870 1196/1881/1196 372/1883/372 1175/1894/1175
f 1198/1893/1198 1870/1892/1870 1175/1894/1175 373/1895/373
f 366/1896/366 1154/1897/1154 1871/1898/1871 1199/1899/1199
f 1154/1897/1154 365/1884/365 1197/1887/1197 1871/1898/1871
f 1871/1898/1871 1197/1887/1197 380/1889/380 1183/1900/1183
f 1199/1899/1199 1871/1898/1871 1183/1900/1183 381/1901/381
f 359/1902/359 1147/1903/1147 1872/1904/1872 1200/1905/1200
f 1147/1903/1147 358/1890/358 1198/1893/1198 1872/1904/1872
f 1872/1904/1872 1198/1893/1198 373/1895/373 1176/1906/1176
f 1200/1905/1200 1872/1904/1872 1176/1906/1176 374/1907/374
f 367/1819/367 1155/1908/1155 1873/1909/1873 1187/1820/1187
f 1155/1908/1155 366/1896/366 1199/1899/1199 1873/1909/1873
f 1873/1909/1873 1199/1899/1199 381/1901/381 1184/1910/1184
f 1187/1820/1187 1873/1909/1873 1184/1910/1184 382/1821/382
f 360/1828/360 1148/1911/1148 1874/1912/1874 1189/1829/1189
f 1148/1911/1148 359/1902/359 1200/1905/1200 1874/1912/1874
f 1874/1912/1874 1200/1905/1200 374/1907/374 1177/1913/1177
f 1189/1829/1189 1874/1912/1874 1177/1913/1177 375/1830/375
f 372/1914/372 1174/1915/1174 1875/1916/1875 1215/1917/1215
f 1174/1915/1174 371/1918/371 1216/1919/1216 1875/1916/1875
f 1875/1916/1875 1216/1919/1216 386/1920/386 1203/1921/1203
f 1215/1917/1215 1875/1916/1875 1203/1921/1203 387/1922/387
f 380/1923/380 1182/1888/1182 1876/1924/1876 1217/1925/1217
f 1182/1888/1182 379/1926/379 1218/1927/1218 1876/1924/1876
f 1876/1924/1876 1218/1927/1218 394/1928/394 1211/1929/1211
f 1217/1925/1217 1876/1924/1876 1211/1929/1211 395/1930/395
f 373/1931/373 1175/1932/1175 1877/1933/1877 1219/1934/1219
f 1175/1932/1175 372/1914/372 1215/1917/1215 1877/1933/1877
f 1877/1933/1877 1215/1917/1215 387/1922/387 1204/1935/1204
f 1219/1934/1219 1877/1933/1877 1204/1935/1204 388/1936/388
f 381/1937/381 1183/1938/1183 1878/1939/1878 1220/1940/1220
f 1183/1938/1183 380/1923/380 1217/1925/1217 1878/1939/1878
f 1878/1939/1878 1217/1925/1217 395/1930/395 1212/1941/1212
f 1220/1940/1220 1878/1939/1878 1212/1941/1212 396/1942/396
f 374/1943/374 1176/1944/1176 1879/1945/1879 1221/1946/1221
f 1176/1944/1176 373/1931/373 1219/1934/1219 1879/1945/1879
f 1879/1945/1879 1219/1934/1219 388/1936/388 1205/1947/1205
f 1221/1946/1221 1879/1945/1879 1205/1947/1205 389/1948/389
f 382/1949/382 1184/1950/1184 1880/1951/1880 1222/1952/1222
f 1184/1950/1184 381/1937/381 1220/1940/1220 1880/1951/1880
f 1880/1951/1880 1220/1940/1220 396/1942/396 1213/1953/1213
f 1222/1952/1222 1880/1951/1880 1213/1953/1213 397/1954/397
f 375/1955/375 1177/1956/1177 1881/1957/1881 1223/1958/1223
f 1177/1956/1177 374/1943/374 1221/1946/1221 1881/1957/1881
f 1881/1957/1881 1221/1946/1221 389/1948/389 1206/1959/1206
f 1223/1958/1223 1881/1957/1881 1206/1959/1206 390/1960/390
f 383/1823/383 1185/1822/1185 1882/1961/1882 1224/1962/1224
f 1185/1822/1185 382/1821/382 1222/1963/1222 1882/1961/1882
f 1882/1961/1882 1222/1963/1222 397/1964/397 1214/1965/1214
f 1224/1962/1224 1882/1961/1882 1214/1965/1214 398/1966/398
f 376/1967/376 1178/1831/1178 1883/1968/1883 1225/1969/1225
f 1178/1831/1178 375/1955/375 1223/1958/1223 1883/1968/1883
f 1883/1968/1883 1223/1958/1223 390/1960/390 1207/1970/1207
f 1225/1969/1225 1883/1968/1883 1207/1970/1207 391/1971/391
f 369/1839/369 1455/1972/1455 1884/1973/1884 1226/1974/1226
f 1/1975/1 1457/1976/1457 1884/1973/1884 1455/1972/1455
f 384/1977/384 1226/1978/1226 1884/1973/1884 1457/1976/1457
f 8/1979/8 1456/1980/1456 1885/1981/1885 1458/1982/1458
f 383/1823/383 1224/1962/1224 1885/1981/1885 1456/1983/1456
f 398/1966/398 1458/1984/1458 1885/1981/1885 1224/1985/1224
f 377/1986/377 1179/1852/1179 1886/1987/1886 1227/1988/1227
f 1179/1852/1179 376/1967/376 1225/1969/1225 1886/1987/1886
f 1886/1987/1886 1225/1969/1225 391/1971/391 1208/1989/1208
f 1227/1988/1227 1886/1987/1886 1208/1989/1208 392/1990/392
f 370/1859/370 1172/1858/1172 1887/1991/1887 1228/1992/1228
f 1172/1858/1172 369/1839/369 1226/1974/1226 1887/1991/1887
f 1887/1991/1887 1226/1974/1226 384/1977/384 1201/1993/1201
f 1228/1992/1228 1887/1991/1887 1201/1993/1201 385/1994/385
f 378/1995/378 1180/1864/1180 1888/1996/1888 1229/1997/1229
f 1180/1864/1180 377/1986/377 1227/1988/1227 1888/1996/1888
f 1888/1996/1888 1227/1988/1227 392/1990/392 1209/1998/1209
f 1229/1997/1229 1888/1996/1888 1209/1998/1209 393/1999/393
f 371/1918/371 1173/2000/1173 1889/2001/1889 1216/1919/1216
f 1173/2000/1173 370/2002/370 1228/2003/1228 1889/2001/1889
f 1889/2001/1889 1228/2003/1228 385/2004/385 1202/2005/1202
f 1216/1919/1216 1889/2001/1889 1202/2005/1202 386/1920/386
f 379/1926/379 1181/2006/1181 1890/2007/1890 1218/1927/1218
f 1181/2006/1181 378/1995/378 1229/1997/1229 1890/2007/1890
f 1890/2007/1890 1229/1997/1229 393/1999/393 1210/2008/1210
f 1218/1927/1218 1890/2007/1890 1210/2008/1210 394/1928/394
f 391/1971/391 1207/1970/1207 1891/2009/1891 1244/2010/1244
f 1207/1970/1207 390/1960/390 1245/2011/1245 1891/2009/1891
f 1891/2009/1891 1245/2011/1245 405/2012/405 1236/2013/1236
f 1244/2010/1244 1891/2009/1891 1236/2013/1236 406/2014/406
f 384/1977/384 1457/2015/1457 1892/2016/1892 1246/2017/1246
f 1/2018/1 1459/2019/1459 1892/2016/1892 1457/2015/1457
f 399/2020/399 1246/2021/1246 1892/2016/1892 1459/2019/1459
f 8/2022/8 1458/2023/1458 1893/2024/1893 1460/2025/1460
f 398/1966/398 1247/2026/1247 1893/2024/1893 1458/2027/1458
f 413/2028/413 1460/2029/1460 1893/2024/1893 1247/2030/1247
f 392/1990/392 1208/1989/1208 1894/2031/1894 1248/2032/1248
f 1208/1989/1208 391/1971/391 1244/2010/1244 1894/2031/1894
f 1894/2031/1894 1244/2010/1244 406/2014/406 1237/2033/1237
f 1248/2032/1248 1894/2031/1894 1237/2033/1237 407/2034/407
f 385/1994/385 1201/1993/1201 1895/2035/1895 1249/2036/1249
f 1201/1993/1201 384/1977/384 1246/2017/1246 1895/2035/1895
f 1895/2035/1895 1246/2017/1246 399/2020/399 1230/2037/1230
f 1249/2036/1249 1895/2035/1895 1230/2037/1230 400/2038/400
f 393/1999/393 1209/1998/1209 1896/2039/1896 1250/2040/1250
f 1209/1998/1209 392/1990/392 1248/2032/1248 1896/2039/1896
f 1896/2039/1896 1248/2032/1248 407/2034/407 1238/2041/1238
f 1250/2040/1250 1896/2039/1896 1238/2041/1238 408/2042/408
f 386/1920/386 1202/2005/1202 1897/2043/1897 1251/2044/1251
f 1202/2005/1202 385/2004/385 1249/2045/1249 1897/2043/1897
f 1897/2043/1897 1249/2045/1249 400/2046/400 1231/2047/1231
f 1251/2044/1251 1897/2043/1897 1231/2047/1231 401/2048/401
f 394/1928/394 1210/2008/1210 1898/2049/1898 1252/2050/1252
f 1210/2008/1210 393/1999/393 1250/2040/1250 1898/2049/1898
f 1898/2049/1898 1250/2040/1250 408/2042/408 1239/2051/1239
f 1252/2050/1252 1898/2049/1898 1239/2051/1239 409/2052/409
f 387/1922/387 1203/1921/1203 1899/2053/1899 1253/2054/1253
f 1203/1921/1203 386/1920/386 1251/2044/1251 1899/2053/1899
f 1899/2053/1899 1251/2044/1251 401/2048/401 1232/2055/1232
f 1253/2054/1253 1899/2053/1899 1232/2055/1232 402/2056/402
f 395/1930/395 1211/1929/1211 1900/2057/1900 1254/2058/1254
f 1211/1929/1211 394/1928/394 1252/2050/1252 1900/2057/1900
f 1900/2057/1900 1252/2050/1252 409/2052/409 1240/2059/1240
f 1254/2058/1254 1900/2057/1900 1240/2059/1240 410/2060/410
f 388/1936/388 1204/1935/1204 1901/2061/1901 1255/2062/1255
f 1204/1935/1204 387/1922/387 1253/2054/1253 1901/2061/1901
f 1901/2061/1901 1253/2054/1253 402/2056/402 1233/2063/1233
f 1255/2062/1255 1901/2061/1901 1233/2063/1233 403/2064/403
f 396/1942/396 1212/1941/1212 1902/2065/1902 1256/2066/1256
f 1212/1941/1212 395/1930/395 1254/2058/1254 1902/2065/1902
f 1902/2065/1902 1254/2058/1254 410/2060/410 1241/2067/1241
f 1256/2066/1256 1902/2065/1902 1241/2067/1241 411/2068/411
f 389/1948/389 1205/1947/1205 1903/2069/1903 1257/2070/1257
f 1205/1947/1205 388/1936/388 1255/2062/1255 1903/2069/1903
f 1903/2069/1903 1255/2062/1255 403/2064/403 1234/2071/1234
f 1257/2070/1257 1903/2069/1903 1234/2071/1234 404/2072/404
f 397/1954/397 1213/1953/1213 1904/2073/1904 1258/2074/1258
f 1213/1953/1213 396/1942/396 1256/2066/1256 1904/2073/1904
f 1904/2073/1904 1256/2066/1256 411/2068/411 1242/2075/1242
f 1258/2074/1258 1904/2073/1904 1242/2075/1242 412/2076/412
f 390/1960/390 1206/1959/1206 1905/2077/1905 1245/2011/1245
f 1206/1959/1206 389/1948/389 1257/2070/1257 1905/2077/1905
f 1905/2077/1905 1257/2070/1257 404/2072/404 1235/2078/1235
f 1245/2011/1245 1905/2077/1905 1235/2078/1235 405/2012/405
f 398/1966/398 1214/1965/1214 1906/2079/1906 1247/2026/1247
f 1214/1965/1214 397/1964/397 1258/2080/1258 1906/2079/1906
f 1906/2079/1906 1258/2080/1258 412/2081/412 1243/2082/1243
f 1247/2026/1247 1906/2079/1906 1243/2082/1243 413/2028/413
f 410/2060/410 1240/2059/1240 1907/2083/1907 1273/2084/1273
f 1240/2059/1240 409/2052/409 1274/2085/1274 1907/2083/1907
f 1907/2083/1907 1274/2085/1274 424/2086/424 1269/2087/1269
f 1273/2084/1273 1907/2083/1907 1269/2087/1269 425/2088/425
f 403/2064/403 1233/2063/1233 1908/2089/1908 1275/2090/1275
f 1233/2063/1233 402/2056/402 1276/2091/1276 1908/2089/1908
f 1908/2089/1908 1276/2091/1276 417/2092/417 1262/2093/1262
f 1275/2090/1275 1908/2089/1908 1262/2093/1262 418/2094/418
f 411/2068/411 1241/2067/1241 1909/2095/1909 1277/2096/1277
f 1241/2067/1241 410/2060/410 1273/2084/1273 1909/2095/1909
f 1909/2095/1909 1273/2084/1273 425/2088/425 1270/2097/1270
f 1277/2096/1277 1909/2095/1909 1270/2097/1270 426/2098/426
f 404/2072/404 1234/2071/1234 1910/2099/1910 1278/2100/1278
f 1234/2071/1234 403/2064/403 1275/2090/1275 1910/2099/1910
f 1910/2099/1910 1275/2090/1275 418/2094/418 1263/2101/1263
f 1278/2100/1278 1910/2099/1910 1263/2101/1263 419/2102/419
f 412/2076/412 1242/2075/1242 1911/2103/1911 1279/2104/1279
f 1242/2075/1242 411/2068/411 1277/2096/1277 1911/2103/1911
f 1911/2103/1911 1277/2096/1277 426/2098/426 1271/2105/1271
f 1279/2104/1279 1911/2103/1911 1271/2105/1271 427/2106/427
f 405/2012/405 1235/2078/1235 1912/2107/1912 1280/2108/1280
f 1235/2078/1235 404/2072/404 1278/2100/1278 1912/2107/1912
f 1912/2107/1912 1278/2100/1278 419/2102/419 1264/2109/1264
f 1280/2108/1280 1912/2107/1912 1264/2109/1264 420/2110/420
f 413/2028/413 1243/2082/1243 1913/2111/1913 1281/2112/1281
f 1243/2082/1243 412/2081/412 1279/2113/1279 1913/2111/1913
f 1913/2111/1913 1279/2113/1279 427/2114/427 1272/2115/1272
f 1281/2112/1281 1913/2111/1913 1272/2115/1272 428/2116/428
f 406/2014/406 1236/2013/1236 1914/2117/1914 1282/2118/1282
f 1236/2013/1236 405/2012/405 1280/2108/1280 1914/2117/1914
f 1914/2117/1914 1280/2108/1280 420/2110/420 1265/2119/1265
f 1282/2118/1282 1914/2117/1914 1265/2119/1265 421/2120/421
f 399/2020/399 1459/2121/1459 1915/2122/1915 1283/2123/1283
f 1/2124/1 1461/2125/1461 1915/2122/1915 1459/2121/1459
f 414/2126/414 1283/2127/1283 1915/2122/1915 1461/2125/1461
f 8/2128/8 1460/2129/1460 1916/2130/1916 1462/2131/1462
f 413/2028/413 1281/2112/1281 1916/2130/1916 1460/2132/1460
f 428/2116/428 1462/2133/1462 1916/2130/1916 1281/2112/1281
f 407/2034/407 1237/2033/1237 1917/2134/1917 1284/2135/1284
f 1237/2033/1237 406/2014/406 1282/2118/1282 1917/2134/1917
f 1917/2134/1917 1282/2118/1282 421/2120/421 1266/2136/1266
f 1284/2135/1284 1917/2134/1917 1266/2136/1266 422/2137/422
f 400/2038/400 1230/2037/1230 1918/2138/1918 1285/2139/1285
f 1230/2037/1230 399/2020/399 1283/2123/1283 1918/2138/1918
f 1918/2138/1918 1283/2123/1283 414/2126/414 1259/2140/1259
f 1285/2139/1285 1918/2138/1918 1259/2140/1259 415/2141/415
f 408/2042/408 1238/2041/1238 1919/2142/1919 1286/2143/1286
f 1238/2041/1238 407/2034/407 1284/2135/1284 1919/2142/1919
f 1919/2142/1919 1284/2135/1284 422/2137/422 1267/2144/1267
f 1286/2143/1286 1919/2142/1919 1267/2144/1267 423/2145/423
f 401/2048/401 1231/2047/1231 1920/2146/1920 1287/2147/1287
f 1231/2047/1231 400/2046/400 1285/2148/1285 1920/2146/1920
f 1920/2146/1920 1285/2148/1285 415/2149/415 1260/2150/1260
f 1287/2147/1287 1920/2146/1920 1260/2150/1260 416/2151/416
f 409/2052/409 1239/2051/1239 1921/2152/1921 1274/2085/1274
f 1239/2051/1239 408/2042/408 1286/2143/1286 1921/2152/1921
f 1921/2152/1921 1286/2143/1286 423/2145/423 1268/2153/1268
f 1274/2085/1274 1921/2152/1921 1268/2153/1268 424/2086/424
f 402/2056/402 1232/2055/1232 1922/2154/1922 1276/2091/1276
f 1232/2055/1232 401/2048/401 1287/2147/1287 1922/2154/1922
f 1922/2154/1922 1287/2147/1287 416/2151/416 1261/2155/1261
f 1276/2091/1276 1922/2154/1922 1261/2155/1261 417/2092/417
f 414/2126/414 1461/2156/1461 1923/2157/1923 1302/2158/1302
f 1/2159/1 1463/2160/1463 1923/2157/1923 1461/2156/1461
f 429/2161/429 1302/2158/1302 1923/2157/1923 1463/2162/1463
f 8/2163/8 1462/2164/1462 1924/2165/1924 1464/2166/1464
f 428/2116/428 1303/2167/1303 1924/2165/1924 1462/2168/1462
f 443/2169/443 1464/2170/1464 1924/2165/1924 1303/2167/1303
f 422/2137/422 1266/2136/1266 1925/2171/1925 1304/2172/1304
f 1266/2136/1266 421/2120/421 1305/2173/1305 1925/2171/1925
f 1925/2171/1925 1305/2173/1305 436/2174/436 1295/2175/1295
f 1304/2172/1304 1925/2171/1925 1295/2175/1295 437/2176/437
f 415/2141/415 1259/2140/1259 1926/2177/1926 1306/2178/1306
f 1259/2140/1259 414/2126/414 1302/2158/1302 1926/2177/1926
f 1926/2177/1926 1302/2158/1302 429/2161/429 1288/2179/1288
f 1306/2178/1306 1926/2177/1926 1288/2179/1288 430/2180/430
f 423/2145/423 1267/2144/1267 1927/2181/1927 1307/2182/1307
f 1267/2144/1267 422/2137/422 1304/2172/1304 1927/2181/1927
f 1927/2181/1927 1304/2172/1304 437/2176/437 1296/2183/1296
f 1307/2182/1307 1927/2181/1927 1296/2183/1296 438/2184/438
f 416/2151/416 1260/2150/1260 1928/2185/1928 1308/2186/1308
f 1260/2150/1260 415/2149/415 1306/2187/1306 1928/2185/1928
f 1928/2185/1928 1306/2187/1306 430/2188/430 1289/2189/1289
f 1308/2186/1308 1928/2185/1928 1289/2189/1289 431/2190/431
f 424/2086/424 1268/2153/1268 1929/2191/1929 1309/2192/1309
f 1268/2153/1268 423/2145/423 1307/2182/1307 1929/2191/1929
f 1929/2191/1929 1307/2182/1307 438/2184/438 1297/2193/1297
f 1309/2192/1309 1929/2191/1929 1297/2193/1297 439/2194/439
f 417/2092/417 1261/2155/1261 1930/2195/1930 1310/2196/1310
f 1261/2155/1261 416/2151/416 1308/2186/1308 1930/2195/1930
f 1930/2195/1930 1308/2186/1308 431/2190/431 1290/2197/1290
f 1310/2196/1310 1930/2195/1930 1290/2197/1290 432/2198/432
f 425/2088/425 1269/2087/1269 1931/2199/1931 1311/2200/1311
f 1269/2087/1269 424/2086/424 1309/2192/1309 1931/2199/1931
f 1931/2199/1931 1309/2192/1309 439/2194/439 1298/2201/1298
f 1311/2200/1311 1931/2199/1931 1298/2201/1298 440/2202/440
f 418/2094/418 1262/2093/1262 1932/2203/1932 1312/2204/1312
f 1262/2093/1262 417/2092/417 1310/2196/1310 1932/2203/1932
f 1932/2203/1932 1310/2196/1310 432/2198/432 1291/2205/1291
f 1312/2204/1312 1932/2203/1932 1291/2205/1291 433/2206/433
f 426/2098/426 1270/2097/1270 1933/2207/1933 1313/2208/1313
f 1270/2097/1270 425/2088/425 1311/2200/1311 1933/2207/1933
f 1933/2207/1933 1311/2200/1311 440/2202/440 1299/2209/1299
f 1313/2208/1313 1933/2207/1933 1299/2209/1299 441/2210/441
f 419/2102/419 1263/2101/1263 1934/2211/1934 1314/2212/1314
f 1263/2101/1263 418/2094/418 1312/2204/1312 1934/2211/1934
f 1934/2211/1934 1312/2204/1312 433/2206/433 1292/2213/1292
f 1314/2212/1314 1934/2211/1934 1292/2213/1292 434/2214/434
f 427/2106/427 1271/2105/1271 1935/2215/1935 1315/2216/1315
f 1271/2105/1271 426/2098/426 1313/2208/1313 1935/2215/1935
f 1935/2215/1935 1313/2208/1313 441/2210/441 1300/2217/1300
f 1315/2216/1315 1935/2215/1935 1300/2217/1300 442/2218/442
f 420/2110/420 1264/2109/1264 1936/2219/1936 1316/2220/1316
f 1264/2109/1264 419/2102/419 1314/2212/1314 1936/2219/1936
f 1936/2219/1936 1314/2212/1314 434/2214/434 1293/2221/1293
f 1316/2220/1316 1936/2219/1936 1293/2221/1293 435/2222/435
f 428/2116/428 1272/2115/1272 1937/2223/1937 1303/2167/1303
f 1272/2115/1272 427/2114/427 1315/2216/1315 1937/2223/1937
f 1937/2223/1937 1315/2216/1315 442/2224/442 1301/2225/1301
f 1303/2167/1303 1937/2223/1937 1301/2225/1301 443/2169/443
f 421/2120/421 1265/2119/1265 1938/2226/1938 1305/2173/1305
f 1265/2119/1265 420/2110/420 1316/2220/1316 1938/2226/1938
f 1938/2226/1938 1316/2220/1316 435/2222/435 1294/2227/1294
f 1305/2173/1305 1938/2226/1938 1294/2227/1294 436/2174/436
f 433/2206/433 1291/2205/1291 1939/2228/1939 1331/2229/1331
f 1291/2205/1291 432/2198/432 1332/2230/1332 1939/2228/1939
f 1939/2228/1939 1332/2230/1332 447/2231/447 1320/2232/1320
f 1331/2229/1331 1939/2228/1939 1320/2232/1320 448/2233/448
f 441/2210/441 1299/2209/1299 1940/2234/1940 1333/2235/1333
f 1299/2209/1299 440/2202/440 1334/2236/1334 1940/2234/1940
f 1940/2234/1940 1334/2236/1334 455/2237/455 1328/2238/1328
f 1333/2235/1333 1940/2234/1940 1328/2238/1328 456/2239/456
f 434/2214/434 1292/2213/1292 1941/2240/1941 1335/2241/1335
f 1292/2213/1292 433/2206/433 1331/2229/1331 1941/2240/1941
f 1941/2240/1941 1331/2229/1331 448/2233/448 1321/2242/1321
f 1335/2241/1335 1941/2240/1941 1321/2242/1321 449/2243/449
f 442/2218/442 1300/2217/1300 1942/2244/1942 1336/2245/1336
f 1300/2217/1300 441/2210/441 1333/2235/1333 1942/2244/1942
f 1942/2244/1942 1333/2235/1333 456/2239/456 1329/2246/1329
f 1336/2245/1336 1942/2244/1942 1329/2246/1329 457/2247/457
f 435/2222/435 1293/2221/1293 1943/2248/1943 1337/2249/1337
f 1293/2221/1293 434/2214/434 1335/2241/1335 1943/2248/1943
f 1943/2248/1943 1335/2241/1335 449/2243/449 1322/2250/1322
f 1337/2249/1337 1943/2248/1943 1322/2250/1322 450/2251/450
f 443/2169/443 1301/2225/1301 1944/2252/1944 1338/2253/1338
f 1301/2225/1301 442/2224/442 1336/2254/1336 1944/2252/1944
f 1944/2252/1944 1336/2254/1336 457/2255/457 1330/2256/1330
f 1338/2253/1338 1944/2252/1944 1330/2256/1330 458/2257/458
f 436/2174/436 1294/2227/1294 1945/2258/1945 1339/2259/1339
f 1294/2227/1294 435/2222/435 1337/2249/1337 1945/2258/1945
f 1945/2258/1945 1337/2249/1337 450/2251/450 1323/2260/1323
f 1339/2259/1339 1945/2258/1945 1323/2260/1323 451/2261/451
f 429/2161/429 1463/2262/1463 1946/2263/1946 1340/2264/1340
f 1/2265/1 1465/2266/1465 1946/2263/1946 1463/2267/1463
f 444/2268/444 1340/2269/1340 1946/2263/1946 1465/2266/1465
f 8/2270/8 1464/2271/1464 1947/2272/1947 1466/2273/1466
f 443/2169/443 1338/2274/1338 1947/2272/1947 1464/2275/1464
f 458/2257/458 1466/2273/1466 1947/2272/1947 1338/2276/1338
f 437/2176/437 1295/2175/1295 1948/2277/1948 1341/2278/1341
f 1295/2175/1295 436/2174/436 1339/2259/1339 1948/2277/1948
f 1948/2277/1948 1339/2259/1339 451/2261/451 1324/2279/1324
f 1341/2278/1341 1948/2277/1948 1324/2279/1324 452/2280/452
f 430/2180/430 1288/2179/1288 1949/2281/1949 1342/2282/1342
f 1288/2179/1288 429/2161/429 1340/2264/1340 1949/2281/1949
f 1949/2281/1949 1340/2264/1340 444/2268/444 1317/2283/1317
f 1342/2282/1342 1949/2281/1949 1317/2283/1317 445/2284/445
f 438/2184/438 1296/2183/1296 1950/2285/1950 1343/2286/1343
f 1296/2183/1296 437/2176/437 1341/2278/1341 1950/2285/1950
f 1950/2285/1950 1341/2278/1341 452/2280/452 1325/2287/1325
f 1343/2286/1343 1950/2285/1950 1325/2287/1325 453/2288/453
f 431/2190/431 1289/2189/1289 1951/2289/1951 1344/2290/1344
f 1289/2189/1289 430/2188/430 1342/2291/1342 1951/2289/1951
f 1951/2289/1951 1342/2291/1342 445/2292/445 1318/2293/1318
f 1344/2290/1344 1951/2289/1951 1318/2293/1318 446/2294/446
f 439/2194/439 1297/2193/1297 1952/2295/1952 1345/2296/1345
f 1297/2193/1297 438/2184/438 1343/2286/1343 1952/2295/1952
f 1952/2295/1952 1343/2286/1343 453/2288/453 1326/2297/1326
f 1345/2296/1345 1952/2295/1952 1326/2297/1326 454/2298/454
f 432/2198/432 1290/2197/1290 1953/2299/1953 1332/2230/1332
f 1290/2197/1290 431/2190/431 1344/2290/1344 1953/2299/1953
f 1953/2299/1953 1344/2290/1344 446/2294/446 1319/2300/1319
f 1332/2230/1332 1953/2299/1953 1319/2300/1319 447/2231/447
f 440/2202/440 1298/2201/1298 1954/2301/1954 1334/2236/1334
f 1298/2201/1298 439/2194/439 1345/2296/1345 1954/2301/1954
f 1954/2301/1954 1345/2296/1345 454/2298/454 1327/2302/1327
f 1334/2236/1334 1954/2301/1954 1327/2302/1327 455/2237/455
f 452/2280/452 1324/2279/1324 1955/2303/1955 1360/2304/1360
f 1324/2279/1324 451/2261/451 1361/2305/1361 1955/2303/1955
f 1955/2303/1955 1361/2305/1361 466/2306/466 1353/2307/1353
f 1360/2304/1360 1955/2303/1955 1353/2307/1353 467/2308/467
f 445/2284/445 1317/2283/1317 1956/2309/1956 1362/2310/1362
f 1317/2283/1317 444/2268/444 1363/2311/1363 1956/2309/1956
f 1956/2309/1956 1363/2311/1363 459/2312/459 1346/2313/1346
f 1362/2310/1362 1956/2309/1956 1346/2313/1346 460/2314/460
f 453/2288/453 1325/2287/1325 1957/2315/1957 1364/2316/1364
f 1325/2287/1325 452/2280/452 1360/2304/1360 1957/2315/1957
f 1957/2315/1957 1360/2304/1360 467/2308/467 1354/2317/1354
f 1364/2316/1364 1957/2315/1957 1354/2317/1354 468/2318/468
f 446/2294/446 1318/2293/1318 1958/2319/1958 1365/2320/1365
f 1318/2293/1318 445/2292/445 1362/2321/1362 1958/2319/1958
f 1958/2319/1958 1362/2321/1362 460/2322/460 1347/2323/1347
f 1365/2320/1365 1958/2319/1958 1347/2323/1347 461/2324/461
f 454/2298/454 1326/2297/1326 1959/2325/1959 1366/2326/1366
f 1326/2297/1326 453/2288/453 1364/2316/1364 1959/2325/1959
f 1959/2325/1959 1364/2316/1364 468/2318/468 1355/2327/1355
f 1366/2326/1366 1959/2325/1959 1355/2327/1355 469/2328/469
f 447/2231/447 1319/2300/1319 1960/2329/1960 1367/2330/1367
f 1319/2300/1319 446/2294/446 1365/2320/1365 1960/2329/1960
f 1960/2329/1960 1365/2320/1365 461/2324/461 1348/2331/1348
f 1367/2330/1367 1960/2329/1960 1348/2331/1348 462/2332/462
f 455/2237/455 1327/2302/1327 1961/2333/1961 1368/2334/1368
f 1327/2302/1327 454/2298/454 1366/2326/1366 1961/2333/1961
f 1961/2333/1961 1366/2326/1366 469/2328/469 1356/2335/1356
f 1368/2334/1368 1961/2333/1961 1356/2335/1356 470/2336/470
f 448/2233/448 1320/2232/1320 1962/2337/1962 1369/2338/1369
f 1320/2232/1320 447/2231/447 1367/2330/1367 1962/2337/1962
f 1962/2337/1962 1367/2330/1367 462/2332/462 1349/2339/1349
f 1369/2338/1369 1962/2337/1962 1349/2339/1349 463/2340/463
f 456/2239/456 1328/2238/1328 1963/2341/1963 1370/2342/1370
f 1328/2238/1328 455/2237/455 1368/2334/1368 1963/2341/1963
f 1963/2341/1963 1368/2334/1368 470/2336/470 1357/2343/1357
f 1370/2342/1370 1963/2341/1963 1357/2343/1357 471/2344/471
f 449/2243/449 1321/2242/1321 1964/2345/1964 1371/2346/1371
f 1321/2242/1321 448/2233/448 1369/2338/1369 1964/2345/1964
f 1964/2345/1964 1369/2338/1369 463/2340/463 1350/2347/1350
f 1371/2346/1371 1964/2345/1964 1350/2347/1350 464/2348/464
f 457/2247/457 1329/2246/1329 1965/2349/1965 1372/2350/1372
f 1329/2246/1329 456/2239/456 1370/2342/1370 1965/2349/1965
f 1965/2349/1965 1370/2342/1370 471/2344/471 1358/2351/1358
f 1372/2350/1372 1965/2349/1965 1358/2351/1358 472/2352/472
f 450/2251/450 1322/2250/1322 1966/2353/1966 1373/2354/1373
f 1322/2250/1322 449/2243/449 1371/2346/1371 1966/2353/1966
f 1966/2353/1966 1371/2346/1371 464/2348/464 1351/2355/1351
f 1373/2354/1373 1966/2353/1966 1351/2355/1351 465/2356/465
f 458/2257/458 1330/2256/1330 1967/2357/1967 1374/2358/1374
f 1330/2256/1330 457/2255/457 1372/2359/1372 1967/2357/1967
f 1967/2357/1967 1372/2359/1372 472/2360/472 1359/2361/1359
f 1374/2358/1374 1967/2357/1967 1359/2361/1359 473/2362/473
f 451/2261/451 1323/2260/1323 1968/2363/1968 1361/2305/1361
f 1323/2260/1323 450/2251/450 1373/2354/1373 1968/2363/1968
f 1968/2363/1968 1373/2354/1373 465/2356/465 1352/2364/1352
f 1361/2305/1361 1968/2363/1968 1352/2364/1352 466/2306/466
f 444/2268/444 1465/2365/1465 1969/2366/1969 1363/2311/1363
f 1/2367/1 1467/2368/1467 1969/2366/1969 1465/2369/1465
f 459/2312/459 1363/2370/1363 1969/2366/1969 1467/2371/1467
f 8/2372/8 1466/2373/1466 1970/2374/1970 1468/2375/1468
f 458/2257/458 1374/2358/1374 1970/2374/1970 1466/2376/1466
f 473/2362/473 1468/2377/1468 1970/2374/1970 1374/2358/1374
f 471/2344/471 1357/2343/1357 1971/2378/1971 1379/2379/1379
f 1357/2343/1357 470/2336/470 1380/2380/1380 1971/2378/1971
f 1971/2378/1971 1380/2380/1380 479/5/479 1376/2/1376
f 1379/2379/1379 1971/2378/1971 1376/2/1376 480/1/480
f 464/2348/464 1350/2347/1350 1972/2381/1972 1381/2382/1381
f 1350/2347/1350 463/2340/463 1469/2383/1469 1972/2381/1972
f 1972/2381/1972 1469/2383/1469 3/14/3 1392/11/1392
f 1381/2382/1381 1972/2381/1972 1392/11/1392 477/10/477
f 472/2352/472 1358/2351/1358 1973/2384/1973 1382/2385/1382
f 1358/2351/1358 471/2344/471 1379/2379/1379 1973/2384/1973
f 1973/2384/1973 1379/2379/1379 480/1/480 1377/20/1377
f 1382/2385/1382 1973/2384/1973 1377/20/1377 481/19/481
f 465/2356/465 1351/2355/1351 1974/2386/1974 1470/2387/1470
f 1351/2355/1351 464/2348/464 1381/2382/1381 1974/2386/1974
f 1974/2386/1974 1381/2382/1381 477/10/477 1393/26/1393
f 1470/2387/1470 1974/2386/1974 1393/26/1393 4/25/4
f 473/2362/473 1359/2361/1359 1975/2388/1975 1383/2389/1383
f 1359/2361/1359 472/2360/472 1382/2385/1382 1975/2388/1975
f 1975/2388/1975 1382/2385/1382 481/35/481 1378/32/1378
f 1383/2389/1383 1975/2388/1975 1378/32/1378 482/31/482
f 466/2306/466 1352/2364/1352 1976/2390/1976 1471/2391/1471
f 1352/2364/1352 465/2356/465 1470/2387/1470 1976/2390/1976
f 1976/2390/1976 1470/2387/1470 4/25/4 483/40/483
f 1471/2391/1471 1976/2390/1976 483/40/483 5/39/5
f 459/2312/459 1467/2392/1467 1977/2393/1977 1384/2394/1384
f 1/2395/1 1388/2396/1388 1977/2393/1977 1467/2392/1467
f 474/45/474 1384/2394/1384 1977/2393/1977 1388/2397/1388
f 8/2398/8 1468/2399/1468 1978/2400/1978 1397/2401/1397
f 473/2362/473 1383/2402/1383 1978/2400/1978 1468/2399/1468
f 482/31/482 1397/2403/1397 1978/2400/1978 1383/2404/1383
f 467/2308/467 1353/2307/1353 1979/2405/1979 1472/2406/1472
f 1353/2307/1353 466/2306/466 1471/2391/1471 1979/2405/1979
f 1979/2405/1979 1471/2391/1471 5/39/5 484/63/484
f 1472/2406/1472 1979/2405/1979 484/63/484 6/62/6
f 460/2314/460 1346/2313/1346 1980/2407/1980 1385/2408/1385
f 1346/2313/1346 459/2312/459 1384/2394/1384 1980/2407/1980
f 1980/2407/1980 1384/2394/1384 474/45/474 1375/69/1375
f 1385/2408/1385 1980/2407/1980 1375/69/1375 475/68/475
f 468/2318/468 1354/2317/1354 1981/2409/1981 1386/2410/1386
f 1354/2317/1354 467/2308/467 1472/2406/1472 1981/2409/1981
f 1981/2409/1981 1472/2406/1472 6/62/6 1394/75/1394
f 1386/2410/1386 1981/2409/1981 1394/75/1394 478/74/478
f 461/2324/461 1347/2323/1347 1982/2411/1982 1473/2412/1473
f 1347/2323/1347 460/2322/460 1385/2413/1385 1982/2411/1982
f 1982/2411/1982 1385/2413/1385 475/84/475 1389/81/1389
f 1473/2412/1473 1982/2411/1982 1389/81/1389 2/80/2
f 469/2328/469 1355/2327/1355 1983/2414/1983 1474/2415/1474
f 1355/2327/1355 468/2318/468 1386/2410/1386 1983/2414/1983
f 1983/2414/1983 1386/2410/1386 478/74/478 1395/90/1395
f 1474/2415/1474 1983/2414/1983 1395/90/1395 7/89/7
f 462/2332/462 1348/2331/1348 1984/2416/1984 1387/2417/1387
f 1348/2331/1348 461/2324/461 1473/2412/1473 1984/2416/1984
f 1984/2416/1984 1473/2412/1473 2/80/2 1390/96/1390
f 1387/2417/1387 1984/2416/1984 1390/96/1390 476/95/476
f 470/2336/470 1356/2335/1356 1985/2418/1985 1380/2380/1380
f 1356/2335/1356 469/2328/469 1474/2415/1474 1985/2418/1985
f 1985/2418/1985 1474/2415/1474 7/89/7 1396/101/1396
f 1380/2380/1380 1985/2418/1985 1396/101/1396 479/5/479
f 463/2340/463 1349/2339/1349 1986/2419/1986 1469/2383/1469
f 1349/2339/1349 462/2332/462 1387/2417/1387 1986/2419/1986
f 1986/2419/1986 1387/2417/1387 476/95/476 1391/104/1391
f 1469/2383/1469 1986/2419/1986 1391/104/1391 3/14/3
